/*
Navicat SQL Server Data Transfer

Source Server         : MSSQLLocalDB
Source Server Version : 130000
Source Host           : (LocalDB)\MSSQLLocalDB:1433
Source Database       : AntOA
Source Schema         : dbo

Target Server Type    : SQL Server
Target Server Version : 130000
File Encoding         : 65001

Date: 2018-01-08 15:22:11
*/


-- ----------------------------
-- Table structure for __MigrationHistory
-- ----------------------------
DROP TABLE [dbo].[__MigrationHistory]
GO
CREATE TABLE [dbo].[__MigrationHistory] (
[MigrationId] nvarchar(150) NOT NULL ,
[ContextKey] nvarchar(300) NOT NULL ,
[Model] varbinary(MAX) NOT NULL ,
[ProductVersion] nvarchar(32) NOT NULL 
)


GO

-- ----------------------------
-- Records of __MigrationHistory
-- ----------------------------
INSERT INTO [dbo].[__MigrationHistory] ([MigrationId], [ContextKey], [Model], [ProductVersion]) VALUES (N'201801050939280_InitialCreate', N'Model.SQLDB', 0x1F8B0800000000000400ED5D5B6FE338967E5F60FF83E1A7D9414F9CA451404F2199415552E90EA62E99B8BAA7DF0A2A9B49B4634B6E49AE4EB0D85FB60FFB93F62F2C254ABC1E5E45C9762668A03AA6C8C3DB770E0F79CE21FFEF7FFEF7ECAF8FEBD5E41B2ACA34CFCEA72747C7D309CA16F932CDEECFA7DBEAEE4F3F4CFFFA977FFFB7B377CBF5E3E4972EDFF7753E5C322BCFA70F55B5793D9B958B07B44ECAA375BA28F232BFAB8E16F97A962CF3D9E9F1F19F6727273384494C31ADC9E4EC769B55E91A353FF0CF8B3C5BA04DB54D561FF2255A956D3AFE326FA84E3E266B546E92053A9F3639A69337AB34C195CFD1EA6E3A49B22CAF920A37EDF5CF259A57459EDDCF373821597D7EDA209CEF2E5995A86DF26B96DDB5F5C7A775EB67AC60476AB12DAB7CED49F0E4FB76386672F1A0419DD2E1C203F60E0F6CF554F7BA19B4F3E9051EAFCFC9D715EEBD5CDBEB8B5551E76C07F58866FD6ED2247C47271CE3A2FEEFBBC9C576556D0B749EA16D552438C7CDF6EB2A5DFC0D3D7DCEFF89B2F36CBB5AF1EDC12DC2DF84049C7453E41B54544FB7E88E6BE5C5E5743213CBCEE4C2B4A8548E7403CF3CC6ED74F221797C8FB2FBEA0123FAF487E9E42A7D44CB2EA585C2CF598A618E0B55C516FFFC881B5E779D7E9F19EBFDB1C8B71B53B5C7C74ED59A6BA9FF1DBC925F92D596D6729D55DF9F7A8FC63C2F2A8982B9C0252A1745BA2190D7F6EF957FF7CE668C018C6C715BBD5954E9379C68E70B96777CC6E86AFE719B2EFDD9432C4DFA44FEF69CE1EBACAC122CA47B13EA5A746D64DA18B8EE6AAA6BE9EA7AFB54F9F3FA6DF2FB475CABDA750B536CF2ACCC0B9F22374959DE26156DEE65BE6D04B7A5A3CBE53CBDCFC43E9A8B34982C6FD16FDBB440CB7ECC4F68FD94F424739517EBDEE8FA9C94FFBC49EE512F22F32A29AACF2913BD97784AC86F73C177D9D2A9D8C7E45B7ADF481A03977DB9FADB74728B564DBEF221DD10658713465F94EC5745BEBECD57827893737D99E7DB62513732B766FD9C14F7A80A96B01D391709DBE51D5FC28AA2CD57C246138CB768934713D39FD36A35BCE6D0D58619A6DA96BD64ECA722BD4FB3A462F272B0560FCEDEB2502FF2052ACB5FD72B43D7F09F215DD34A920E4D7A29D24DDE17212B2F41A01C80F400B34192C3D85E5808BD4FCB6A1829D835D0410A765D76EFCB558A564BD78E90CC1F92B24205D8072003D07C285740CBF12AECDCF03AAFA9DDCA77A8D96A26FF56D7CBBE6BAB95BC4ABBA11C40CBC16C016DAF172FE7C62B99D5D64359A0E683F902DA5F245999D69F9C3B0197507BA2CD0775479F19EA93B316F38FBB5AAC61CA79E1B053E4738FAFC93015C2578B89A27CB86DEAE32CE21705A2CBAFDF72FCF3661958B29DC7A1F7AD6F37EBABD4A8BD059C8B80D5DC24D5C3E03385EBB9C8B30A65557CF507D6B4AC1B75AD34E308E814279EC3BFC8F999F43264535428535E7F3D4A51C70C9238500754A5AF5155746DFB3FEE880E636D789751AB7B80199466C3B9025A5DAB302E8D36EA4BD077A8C96EFA92C7FAD622CE65716BB38EBFB2099CEDBBB869C582E7FAD6D2B11CCA4711CE6482F1F00EBDD8EC621D858E0BDCB90D969506B6EB2DAF5526B4CBF6405E6C04920B273619C7E7C3A6DA302EE48AF6E04126F97A911983871B0BF5D095F0C68DA1EAB82EDF1445F2441936C75C90644E16D231C6B95E1113937219A516C14A0A5472FAEA55845ADCB65081756985AAA493C4D3B8544DD7A49785CA4C3CFF4E2213E7DB81C4A4662D6F8119C32016495EC276B5DD8BA6511C247EAA8638BA8FA68891923F97C8CBD41CAEBE9192BEF561A1829252B135471551FEFB2B4040E93761815650479DAECDF8A2D3BDE8742F3ADD8B4E37BC4E176879540DC0D1753A62157412992F3ADD3EE9747154218B808953C98B5277084A5D90930120A1A22B7535F3B808A83ADFF802AAAE354C40B192FBE42C1C45D68DE313D7D4A4781CFB1F88FBFACFFD9E598C05313AF7EE112DB663F8E88D6296E8E9861BE848A44A27A3BF51A87CAAE5879380AA33EE4042D5A50345142BBA0F32EAA640ED60F720F26E85D628AB8C411151B63C0EB6B74364C550B73880198DEE73A1DC489DD39C5892E6DE015FD675DF75BB0B6FD6144AEF03775EE4D932B56CBD23E9FA5D4DB7A8C49333787D04BA1134A31AD9FE64FA726C7F1F508077ED0EA3810C7C89373AF74D60969D7DBBBCE3336F577318F38AA57BAD8869B64837C9AA3F380B3CDAA87F8BBAAEA98AB9AF9AFDF53FD1A2E116D329702406EFBF2B787777879B1B14EBF2B8490B87B5DB9987E64FE525DA2445B56E3C416D6C2464DF05276DAA502EDA04485380C838A6CD345A7BDFA36469393DD2AE1964B6ABFAF8E94BD720AD471794595A373459144F2E5DBE5E5E5C1C51579C37997783F2BAE670A4B3D23DD1D39B48584BB4881480151784B2DE6203AB6B93BB117069B290176E3297C5D8643E5F2F2D0B1375E699DDF04B38AF44E1939AC8F02704752D37BF2FC7A8660C4B725DCF1C3D7A1ABA6F1EF2CCB8FA9EC6384D5D27A9C90615D67FA745B6C3A3D322EB292C4C8B2C24543CDA5F13746EBF92596D3F94056A3F98AFAF92D0117512785DE6F1855E577398E0134BF7107E35A17D5312BA3619565C8A1C212F0C422E0BB4E282F906501242F9C6D4E4984A424DD4996776C32FE1BC12854F86D93A3A09E6AE0F4E82D993274C8219E21D1780BD29CB7C91368DA40EE5FA80217140DE65CB8947B427990E392609CF0C0662BAC1D0C3CD3B9FFE511977B76AE8E0F0D5DC74A17D621DC74747274A3518C1A840597D67E2059E31CC136956A9706F8FF6DC5B24910079E6461FDE574F1DAD55FE82F50A942D71A3DDE721427368AD127FDB46F06CC6A1CD0642C8374F8F0BA3A31E8F88D619D90773C6505A37509FC8C37EF629ABCF642B34A95D3CEA6B332F9272912C55A983F9761905A8866EB8604277B782273E0D13E5D20ADEF56F57C0541DB20CD831786709B06CFC3DBD506908963E20506A7B312626B593741090D45C63A0838EED5E2B061EFE023B7768DAEE4C3814709AFB311A3CCDD3D5B719A3C0D36729B7F8DCF3E0F45ECA2D3789B9007F1F60D97321375DF7E889CC435FCC41EF6A037A9C16F32E78C30B974E8BF99EC3B2D7521E139587BE9C838EB57AF098BD6C79F810A77D1F609AAF023C14689A7A3132384D9315A329E30014743735A0C8EC7B2A4094B8127B61D47CE1E3C180D4D48DB1516A9AB0C381A9DEC7D2802607874B01B09C6BB3176A1D2EF73C18E85AFB32367EAD93783020D65EF3AC8796FDE67B1E58EC19101FF8DAEF953E14F0DA7A3232746D937720C0D5F987E910657516637012FC0BDD316BF589946BA0BEBAFB86594B4F5C10A2F3EFF502AB65CEFAB6631C9482C6580386CCDE0A028698838B174ACDB65FA586BDC4A7A90F4E67961A27025F7C9A66AB6F3B46C627EF8DE2821ED035252A3E41A731A10688FA7EE113E8830B2E740E61C1F80466AB6F3B465EE51DF169F6AF8EBACA1F303E4D7D18139FA6D9DA3B7C120FA7FAB27D5C02151D46FFFEFEF22DE02F879BD6BACC95ADC3978CA99ADA1C5534BEB57D1CB49C4E982F558B25EE9151059A2219A6E14374F8ED989550A7E6C384D89ECB428837C342A44433AD9558EB3C0453A20E5956328D6D0926D21AFEEC24F262ADA1D05868AC03AC6D03353EDA4968DAD05989AC04EA0363980039CDB713689E27842990C3563B097A9CA2A1C39D81598975B1A8302916686C2124ECD1205AD226CE895C23EBF4C4DAD5C84ECA40C69544A71968C830DDCD8D94818C428213AFB09450EE91E74A0042C3E8452AACDE2E7EA4B4838AE45296183FCF5181309362F21A2F8E8ED3C881F70C426366F594903A65F29510BAD34932E31099BC235C473D6C7C803BCEC0E1B158EBE5FEE8EDF5E2E010196D1E1BBD857EC0A1D1BD50A30E8E8B139874846B7403E33A25281A8641B2387E0D3A4C8E1CE6E08B2475C991C398AE601C20470E338C78D8E838F197DD1B46EE8D137F511DC83C324EFC157B60E02BCCA0A1B1FB64C8F63D935786D0A556C3330E8FD10F63C801822F960247C8EE142077CAE816208E51ABC49A07C9E80830E428192EF30187CAD1302DF7CF6E9A16078D57DBCD236737460F387CFA976CA1C1733388FA9A4485EE713B74E3B0598DA0830D9AF6FA0575C49C2C715EB638AE57E2B6C9305836EB9B4293EDEC620C161C72070E96DD20E46512123BC6EDEACC83653402A934630F9310FA6A1E26EDB9AF9765A2EF304167BD224D905E4FD6B30F93FD78DCEB80BC2FEBC51FA62EB0941EBBD26F67B3F9E201AD9336E16C86B32C7043B6C9AA89492EBB0F1F92CD26CDEE4B56B24D99CC37C9A23E7AFDD37C3A795CAFB2F27CFA50559BD7B359D9902E8FD6E9A2C8CBFCAE3A5AE4EB59B2CC67A7C7C77F9E9D9CCCD684C66C51F2E32D1F12D39AF05E24B947D25772EA7B951665759954C9D7A48E12BE58AE956CE490597312D3D5A19C23AB73D69DD07445EABF5BBFE426AA9B9D33ABA7EF6D992BDC8F5A72365D42DCE41ACAE2D2F345B24A0AE54EC725BAB8C45DCE57DB7526A6C988D353695ECD1089B449EE344848374F82A4B853681FBBE049B449EE34E679518924488A3B05E1310C9E90F041A5773693A65731A728E0516C53221C9DC0CAEB42FE68E5AC19FE703515D68DAE785F3A3FBCE217F7F9125DA9788A66272B7B1BAF2FE1165E7BF156578ADCEC08D1235FDC29DE26BF7FC4B3A77658F8E0C1331BBCFFA8AF4C17D8A64B74A7739394E56D6319E009B1548F315B2EE7E9BDC47F34D19D0ED994DEA2DFB66981A4C192BFF952FD29010936C9EEB4D8732B3C29DDF32DC656D1C7528446D1540F3C5458B52717690A8860C9EEB4B092A352A2897B2445D9DE2F448A52536E8814D5171E4FE6B1105441A0680353ED6D6B1FB3801AD77EF2A7D95D380B11EDBEB953FD54A4F7699654B2E8E3D30F836BB41299D8C87EAD1F1212643297BE373C28DA1CFCB950F082F0E74373F1E1F92654EFD4EE0CB8571184DD0197EE4E8D7F2981A7C6A77B68FAE4AA2B49D7EF12DDE9BCDDACAF5259CAD0442F3A3749F5A0D021895E74EA2D67E3CE2091A2E9DEDCABC2CB78FBCF0EF9979AE44398B7733C0AE15C6DD9D8436BA1A7EE81850FEEF4889DED1724AD4C5CF2F31004D082AE5FC87706ECD6741C026BE28616026A4D49ED4E82BD742B6C25746FE79A68F121F62AFE7CA9F53F196A1FB515768324C9637FA4ECBF7DF7DDF4455A41FDEC123D4FDBD441E192FDF68F89B4DA7469E39EBC1DD8B959E75414C4D3B56368104B8305873F1B88CBCFF14E1AFAF3647FD9429E59E52990945D2DB0FCBBAA2A35C8A3D4442DEE72CDBFC1AA52F36D1B7B9B55DC3B75A97B232BA8EF58C8D150A802A02DF9A200BC28002F0A80FADD9FA903158036322488A55F14801705C089DA8B02B057B282B80087C88A26082C4456C0054D3CA9F2B7EE997513A5E10CEAF18CFEDC6BE97277BD8D4BEC3D748594A72CF23BCDD29AA5C843E982458A24791890E833E8820589A61ED6E9E1EEB89E38B507B17D13B919C4F770492D7CD963E38A37C2EE599FBD3D2E9E8A2330B2D544897B805CC0344B1E9B51FFB559830B5D08E20F16911CC42486E25A4E11DEFE1698C5F0A6B889627C7EE15E03175D3A697200ADEEBD6F9062F7D1C7C792BDEB2D7A5AB2749FE5973DEF2D2EC02C7D8F70CF82E343504F83E74330AF2FACDF92F30F668B7B72FD43DC268AD2CBD9A250173E7920807F435B644BEE83CF4104FF9636D46B5FC54E78545B50CCF80F63AF3FFCDBD9C292C8A5FBA88CEC3D6D516964E97BC3875204923F2B8A774FF873A3A5BC1E9A1B40D4E9EFD8335352CF3E58AAC7F9470AB78A4FF76B57F7D0B6DCB22E7DCF60D446E8848288DC39120A214D69D3F0B22B9BE401D65FE664A618079270BB4C6DDADDB4F798F2F0E9F69B6AFFE1345192F74D5D9A1F95E6D965994C93E84747955C2CD58F52F372B24CA849F4506AC85BCA823243923C964FF254B2B07292A47D823D0BDB0C823EBDD32808FEFAD2DA03E29C7F9B57382416BE781C39D3EB42656ACF59DA9100E4E0290F9F6EBFA98E3331751955BEB0D491274609BF95B3D0DADB14FA9B86DFB6A1AF424C6ED3FB3AC2B6E975D986E1CAB1B024CB748287E85BBA6CE2609FF0966A7D5467389AFFB6BA58A58D577297E14392A577A8248790E7D3D3E3FA1DF9C6D44E22A6DB28DFD7F2658D4E61BF27DFD761BF68B99EC9C5FD83876B2A65B9141E40561F63D644D4BABD930CC7D1DA5F49EECA918BDCB26F49B178480AF181E3D31FBCDF4D6E23724D54EB67931955F08D64D07C1A9766EB394088A635BA3C7B4A4276C1F22EF50BFE0686AEBDB2F4CCF9C96F5D20AC1BCC4C36303BD8C4D2A4B7DB2CFD6D8BD2FAE6D6F42EAD775C9E13209E5EEA882A17B65E674BF4783EFDAF86CAEBC9F5AFC2B52BDF4D3E1558C2BC9E1C4FFEDBBB457CECAD11ADBE6011837009E92ACD9E42702BC4DFDAA7C2A579340C370E39168C4BE8DDADF2C49BBF6820AE76B45CA8C8F1B7E1E2820BBC0D27C2BC6A22F11073878944908B2424146BBB50D5FCF61B791A48E843C64318C2F1AC6EC2D06437B10B4337B9E5CBD53498AF8720EC88F4128252FC6CDC555B8EA3ED270AF918DAB8EDDC2D1B0022958BA5157BFA8775F2F81F91B84A1F9DEAC657BA88543B4FD9E1EF090D57F52C001BBCE5BDDFACF256F77E9468586B54B58506B9F6D06F41AA24E435EEB4F0E1AFDE2CA2E5B8DE3299A3A313CBBD38F6068A4A7563D71B7D18AA9D639DC6C793696FF838D6A898E3625AA372C83ECA02EBDADA0B6F40BC881BDAB4212276AC714523218D7749EFC1DC8C4C2F956B00C0B7812B5169F2BBD74824695C0BA1FA35F5DEE171F12C515BD685B744252A1C5A81344F5FBD1AEA24CA4ADA470A2821268E42401356E22003626F9DF74B04F86CE477C4AB439CE292209808EA5ABC85988F80893317F196763E02264EDB581C8CE349B8C711CD8BAAF0A22ABCA80AFFDAAA02148DFAA22AECBDAA10B40643AC1544E8452B78C65A811A71EA260F7451A67679C04A3E7BCB7574E3E220562016F6DACBB81BC98844C25EE3F69005C13E37DB830FA7AB31A68EACAE0B2B75E07556F4D9323B0B6C8DD4452EBC35AA0E1B70127DE890D7448C3AE2DE1021EA007DA1F4B3453F17A51A434394235423D0E44354A32DC52C4E3588A40786E1085037049B223EED08164B47332A0A11A3B126848F1A8DE6B3C0078EF6D46AF898D118988EA26BF141A33DFD6AB880D14164B921F6D29515E0E0361736D8F4617598E020A7F7E9204DED223843F6B29EF30B0446BACFAE2E0CC76D8659E98843D77B99EE88F45AA2ED5D73684947C4A3253E931F3AF1E1931E7DC2BBE8CAA83A3B8DB58C4E758093771A86196C136843304D72F1D47B6D2221993D7AEA036438E0D1D161D310E0E8E0B429948E046A168CD7437674449EBD1453C31FDD273E7CD2A34F787FE5443768DC83A5D479853939F3DE99CA8BACDCDBA9CCCDB26D64F3AE2B97FA01EF1DD3CD2A5DE0269C4F8F8F8E4E946EF3D438376B9120FF41A4F94785209E4D54D4C39EACF02EB6AC8A2455834AE9EE47E98994138489C143B41E724A5CFE82B50894D590807A1CA1624A5F02AF6D4884076C6D30695C0938A39D192001537AA2044B7FCAEA3D608526F5797E1DEF7A91940BAC0CAB6C8AABD6B785385E88CD68D3060295E7F4EA9FAEF20295EED673B542D315C463C1292FD68789A6DA802F81A9497A5E58826FDBDE4328B1D8371AF0752860E2C2F6F896F0C9CF0854C6173BFDEA1C05563E0B9EF74C0E862875B1A3698360C97356CD77747AA1E980963BE2F67578589297BA2EE9B921E98016BBDA5944B01E1E06941A3727B10D24E9994149F3F2807F9DE380A9F69B384434F1FE1E1D9C48DA73C393E64AFB7D051475F8384454316F15095ADC87E7862FD395F07B0AB2CEBBF3002146EFAC12DBC1929F19BCE03BBAF6175C9C199CDA7E4DC812DD22F84995BE8C822FDE88AFB6A54D1F0461B6ABBDDDFD41BC0066BE0CDAAFD271D0D51909A94DCE82AEC6A225CD25491B0B51D4A00AB462584469AE417537DFF962C970D5AE5FA52363A9B3AA5AB004CD223483CF114BCED3AABF4C78402C992A1D79D53B182CED6EA51B1D4B5E6BDCA8587A275EB34CBDC8A52B911524B5373773F9C98DC113E6B6D0CE28F78D5CAC7C3E5D7ECDF1A413D707EEB3E2602056C26BD94A2DFC47A89ADBAABE64D4A10EB6A300EA601FE13AD8774B3DA2AD4AA949FC0CD525E6B0D6461D3B80AAE837B81EFAD95A496BA500AA68BFC015B41FEDE49B936B887AF34143BCF9669D755DD3E91778BEDD9ADE1DBA43D4B54DEFBE59699353588036F900D326DFECB4C9911C449C7CD150879E2984C873C732501DDC674D455C0E6B6D340E04AA8B7D846B62DF2DF548DB46A52AE93B549B94C5A9C276C5D454D77ED5575641AF104355E9AB3156E14A9EE9915015ECABA61A96C1AD2A7D35C62A14F2DCE20ACB78D9316FC2950064BED18F4FD0A314D1DE3C24A195DA525975116A8B1B169799D859A781802CF1E010584DF6FD3B205110247F5B1816EB411D57ADC670BF2DD6E5F8DDE656A4AED7D07AE3DF698D3B0FD06D17C79FC81D57F5BBF69948ADE61632008E7077F050E9D778A9B40A759D0613D46927A8DB1D29E2765986B946AD0AE93068C807BB6C37F947ED34AF11762FFF42FA5E50A7418333DC6BBB6D3A6EB779655578163C4AC7F58651B8F78E86D4B843A028D4EACBCF3106436BC00387C2CDDC177520E49382B6344BEE3D083A431330024E362993558AEB83716FA03F615328C00A7FD0308016117818ECC613D87C22361F52C1F507D56AD901BACE1FBA5ABAAE3D9F854F68C5E6434DDF4DD7C1F3660BF807EF7A44C02B2FD0D16F6733B2356C13F04FE5A5B9B3D9ED36AB83F7C9AF4B54A6F78CC419A699A18570144BF35C67777977262CB5A8CB22DFE687AA649954C99BA24AEF9245D56EFDD2EC7E3A696E5DAC2338BFA2E575F6695B6DB615EE325A7F5D0942B03E5936D57F3653DA7CF6A9B977B18CD105DCCCB4BEEFE053F6769BD6FA68DBEE2B209A5043A23E47FE11E174329715FE3FBA7FA2943E2A2F93EA08B5C3474FDA3FA3F56655BF5DFF299B27DF5048DB30F4DEA3FB64F174D33E18A827629F0871D8CF2ED3E4BE48D6654B8395C73F318697EBC7BFFC3F807AA0E910380100, N'6.1.3-40302')
GO
GO

-- ----------------------------
-- Table structure for CodeTable
-- ----------------------------
DROP TABLE [dbo].[CodeTable]
GO
CREATE TABLE [dbo].[CodeTable] (
[CodeCD] nvarchar(128) NOT NULL ,
[Group] nvarchar(100) NULL ,
[Name] nvarchar(100) NULL ,
[Value] int NOT NULL ,
[Sort] int NULL ,
[Description] nvarchar(50) NULL 
)


GO

-- ----------------------------
-- Records of CodeTable
-- ----------------------------
INSERT INTO [dbo].[CodeTable] ([CodeCD], [Group], [Name], [Value], [Sort], [Description]) VALUES (N'DateTimeField', N'FieldType', N'时间字段', N'4', N'4', null)
GO
GO
INSERT INTO [dbo].[CodeTable] ([CodeCD], [Group], [Name], [Value], [Sort], [Description]) VALUES (N'FloatField', N'FieldType', N'浮点字段', N'2', N'2', null)
GO
GO
INSERT INTO [dbo].[CodeTable] ([CodeCD], [Group], [Name], [Value], [Sort], [Description]) VALUES (N'IntField', N'FieldType', N'Int字段', N'1', N'1', null)
GO
GO
INSERT INTO [dbo].[CodeTable] ([CodeCD], [Group], [Name], [Value], [Sort], [Description]) VALUES (N'NoReadNoWrite', N'ControlType', N'不可读不可写', N'0', N'0', N'表单控件控制属性')
GO
GO
INSERT INTO [dbo].[CodeTable] ([CodeCD], [Group], [Name], [Value], [Sort], [Description]) VALUES (N'NoReadWrite', N'ControlType', N'不可读可写', N'2', N'2', N'表单控件控制属性')
GO
GO
INSERT INTO [dbo].[CodeTable] ([CodeCD], [Group], [Name], [Value], [Sort], [Description]) VALUES (N'ReadNoWrite', N'ControlType', N'可读不可写', N'1', N'1', N'表单控件控制属性')
GO
GO
INSERT INTO [dbo].[CodeTable] ([CodeCD], [Group], [Name], [Value], [Sort], [Description]) VALUES (N'ReadWrite', N'ControlType', N'可读可写', N'3', N'3', N'表单控件控制属性')
GO
GO
INSERT INTO [dbo].[CodeTable] ([CodeCD], [Group], [Name], [Value], [Sort], [Description]) VALUES (N'ShareForm', N'FormType', N'共享表单', N'2', N'2', null)
GO
GO
INSERT INTO [dbo].[CodeTable] ([CodeCD], [Group], [Name], [Value], [Sort], [Description]) VALUES (N'StartForm', N'FormType', N'开始表单', N'0', N'0', null)
GO
GO
INSERT INTO [dbo].[CodeTable] ([CodeCD], [Group], [Name], [Value], [Sort], [Description]) VALUES (N'StringField', N'FieldType', N'字符串字段', N'3', N'3', null)
GO
GO
INSERT INTO [dbo].[CodeTable] ([CodeCD], [Group], [Name], [Value], [Sort], [Description]) VALUES (N'TaskForm', N'FormType', N'任务表单', N'1', N'1', null)
GO
GO
INSERT INTO [dbo].[CodeTable] ([CodeCD], [Group], [Name], [Value], [Sort], [Description]) VALUES (N'XmlField', N'FieldType', N'Xml字段', N'5', N'5', null)
GO
GO

-- ----------------------------
-- Table structure for RtDelegate
-- ----------------------------
DROP TABLE [dbo].[RtDelegate]
GO
CREATE TABLE [dbo].[RtDelegate] (
[DelegateGuid] uniqueidentifier NOT NULL ,
[PrincipalGuid] uniqueidentifier NOT NULL ,
[TrusteeGuid] uniqueidentifier NOT NULL ,
[DelegateType] tinyint NOT NULL ,
[ObjectGuids] nvarchar(MAX) NULL ,
[Status] tinyint NOT NULL ,
[EffectTime] datetime NULL ,
[ExpireTime] datetime NULL 
)


GO

-- ----------------------------
-- Records of RtDelegate
-- ----------------------------

-- ----------------------------
-- Table structure for RtField
-- ----------------------------
DROP TABLE [dbo].[RtField]
GO
CREATE TABLE [dbo].[RtField] (
[FieldGuid] uniqueidentifier NOT NULL ,
[MasterGuid] uniqueidentifier NOT NULL ,
[Name] nvarchar(50) NULL ,
[Alias] nvarchar(50) NULL ,
[Type] nvarchar(50) NULL ,
[IsArray] bit NULL ,
[GroupName] nvarchar(50) NULL ,
[Format] nvarchar(50) NULL ,
[Value] nvarchar(255) NULL ,
[Description] nvarchar(255) NULL 
)


GO

-- ----------------------------
-- Records of RtField
-- ----------------------------
INSERT INTO [dbo].[RtField] ([FieldGuid], [MasterGuid], [Name], [Alias], [Type], [IsArray], [GroupName], [Format], [Value], [Description]) VALUES (N'13E38641-88C7-43E5-A8AC-0C855DC19097', N'415C7CAF-3122-444F-B7C9-1397EDEFE6D6', N'&Manager', null, N'string', null, null, null, null, null)
GO
GO
INSERT INTO [dbo].[RtField] ([FieldGuid], [MasterGuid], [Name], [Alias], [Type], [IsArray], [GroupName], [Format], [Value], [Description]) VALUES (N'FEB08444-426D-4E5B-862D-11267FCF0C70', N'6D81A4E2-2F0F-4DFD-B9CB-70D811807908', N'&Applicant', null, N'string', null, null, null, N'1', null)
GO
GO
INSERT INTO [dbo].[RtField] ([FieldGuid], [MasterGuid], [Name], [Alias], [Type], [IsArray], [GroupName], [Format], [Value], [Description]) VALUES (N'6AD68E83-B57F-4CB4-BA7F-1B018D59FCCC', N'415C7CAF-3122-444F-B7C9-1397EDEFE6D6', N'&Title', null, N'string', null, null, null, null, null)
GO
GO
INSERT INTO [dbo].[RtField] ([FieldGuid], [MasterGuid], [Name], [Alias], [Type], [IsArray], [GroupName], [Format], [Value], [Description]) VALUES (N'F7D01143-790B-4438-839D-21EABA4DA6B1', N'A3204CCB-4D2A-4B09-9A7A-F0F91A5EF0DB', N'&Leader', null, N'string', null, null, null, null, null)
GO
GO
INSERT INTO [dbo].[RtField] ([FieldGuid], [MasterGuid], [Name], [Alias], [Type], [IsArray], [GroupName], [Format], [Value], [Description]) VALUES (N'6E376E87-74E6-4071-B810-23F350C15180', N'2D476308-DF16-490B-929F-89465CAA013F', N'&Manager', null, N'string', null, null, null, null, null)
GO
GO
INSERT INTO [dbo].[RtField] ([FieldGuid], [MasterGuid], [Name], [Alias], [Type], [IsArray], [GroupName], [Format], [Value], [Description]) VALUES (N'E77B0098-CAA0-4E12-815C-265F59DAC5E3', N'4696AF64-49A3-481C-9C39-3DFCB051F96D', N'&Applicant', null, N'string', null, null, null, null, null)
GO
GO
INSERT INTO [dbo].[RtField] ([FieldGuid], [MasterGuid], [Name], [Alias], [Type], [IsArray], [GroupName], [Format], [Value], [Description]) VALUES (N'658F2DCA-7DB3-4556-87A8-2B25ED00D3B5', N'759F54DE-5154-4193-8238-DF93951EB650', N'&Title', null, N'string', null, null, null, null, null)
GO
GO
INSERT INTO [dbo].[RtField] ([FieldGuid], [MasterGuid], [Name], [Alias], [Type], [IsArray], [GroupName], [Format], [Value], [Description]) VALUES (N'06E04C99-B997-4829-8B42-2DB75C6B48D7', N'B2E76353-BE39-4CE0-8D31-4C25512B98A1', N'&Manager', null, N'string', null, null, null, N'2', null)
GO
GO
INSERT INTO [dbo].[RtField] ([FieldGuid], [MasterGuid], [Name], [Alias], [Type], [IsArray], [GroupName], [Format], [Value], [Description]) VALUES (N'A2517BA1-E737-4F76-987E-3220E1BAB556', N'415C7CAF-3122-444F-B7C9-1397EDEFE6D6', N'&Leader', null, N'string', null, null, null, null, null)
GO
GO
INSERT INTO [dbo].[RtField] ([FieldGuid], [MasterGuid], [Name], [Alias], [Type], [IsArray], [GroupName], [Format], [Value], [Description]) VALUES (N'432B8EF2-2B19-4F25-B9DA-3BC0FC093CF1', N'B2E76353-BE39-4CE0-8D31-4C25512B98A1', N'&Leader', null, N'string', null, null, null, null, null)
GO
GO
INSERT INTO [dbo].[RtField] ([FieldGuid], [MasterGuid], [Name], [Alias], [Type], [IsArray], [GroupName], [Format], [Value], [Description]) VALUES (N'E253EA9E-A247-4A6B-9C54-4F9AD0DC4B75', N'4696AF64-49A3-481C-9C39-3DFCB051F96D', N'&Title', null, N'string', null, null, null, null, null)
GO
GO
INSERT INTO [dbo].[RtField] ([FieldGuid], [MasterGuid], [Name], [Alias], [Type], [IsArray], [GroupName], [Format], [Value], [Description]) VALUES (N'765B5011-3D47-4ABA-83D5-56B6369E476D', N'127970B7-C95A-4B61-B90F-0A24BD7D7E76', N'&Manager', null, N'string', null, null, null, null, null)
GO
GO
INSERT INTO [dbo].[RtField] ([FieldGuid], [MasterGuid], [Name], [Alias], [Type], [IsArray], [GroupName], [Format], [Value], [Description]) VALUES (N'2C2D18E8-1930-4FDF-B1E7-585A16A92CDB', N'A3204CCB-4D2A-4B09-9A7A-F0F91A5EF0DB', N'&Applicant', null, N'string', null, null, null, null, null)
GO
GO
INSERT INTO [dbo].[RtField] ([FieldGuid], [MasterGuid], [Name], [Alias], [Type], [IsArray], [GroupName], [Format], [Value], [Description]) VALUES (N'A8C06E48-FE74-4405-A99D-5A7837243551', N'B3FDA2F8-E8A9-4FAE-B969-6839818F5D79', N'&Manager', null, N'string', null, null, null, null, null)
GO
GO
INSERT INTO [dbo].[RtField] ([FieldGuid], [MasterGuid], [Name], [Alias], [Type], [IsArray], [GroupName], [Format], [Value], [Description]) VALUES (N'2E372234-E2E1-400F-B11B-5E5E369A7487', N'A3204CCB-4D2A-4B09-9A7A-F0F91A5EF0DB', N'&Manager', null, N'string', null, null, null, null, null)
GO
GO
INSERT INTO [dbo].[RtField] ([FieldGuid], [MasterGuid], [Name], [Alias], [Type], [IsArray], [GroupName], [Format], [Value], [Description]) VALUES (N'B612C3F4-596F-48BB-8AFB-6035A40B62A0', N'B3FDA2F8-E8A9-4FAE-B969-6839818F5D79', N'&Leader', null, N'string', null, null, null, null, null)
GO
GO
INSERT INTO [dbo].[RtField] ([FieldGuid], [MasterGuid], [Name], [Alias], [Type], [IsArray], [GroupName], [Format], [Value], [Description]) VALUES (N'75AF5986-F8C3-4726-BDBB-64C35FDF982D', N'2D476308-DF16-490B-929F-89465CAA013F', N'&Leader', null, N'string', null, null, null, null, null)
GO
GO
INSERT INTO [dbo].[RtField] ([FieldGuid], [MasterGuid], [Name], [Alias], [Type], [IsArray], [GroupName], [Format], [Value], [Description]) VALUES (N'119A8342-60BE-4700-AE0C-66A0C7251164', N'B2E76353-BE39-4CE0-8D31-4C25512B98A1', N'&Title', null, N'string', null, null, null, N'123', null)
GO
GO
INSERT INTO [dbo].[RtField] ([FieldGuid], [MasterGuid], [Name], [Alias], [Type], [IsArray], [GroupName], [Format], [Value], [Description]) VALUES (N'2BADBB53-851E-49F5-B743-6AA112C59EFD', N'B2E76353-BE39-4CE0-8D31-4C25512B98A1', N'&Applicant', null, N'string', null, null, null, N'', null)
GO
GO
INSERT INTO [dbo].[RtField] ([FieldGuid], [MasterGuid], [Name], [Alias], [Type], [IsArray], [GroupName], [Format], [Value], [Description]) VALUES (N'A4155BD4-56A6-4B57-9485-8E1090251B83', N'3E480485-6B18-4803-8BDE-47FE629C9D95', N'&Leader', null, N'string', null, null, null, null, null)
GO
GO
INSERT INTO [dbo].[RtField] ([FieldGuid], [MasterGuid], [Name], [Alias], [Type], [IsArray], [GroupName], [Format], [Value], [Description]) VALUES (N'0D10EB4E-E3B8-4F06-8B36-8F0D16155349', N'A3204CCB-4D2A-4B09-9A7A-F0F91A5EF0DB', N'&Title', null, N'string', null, null, null, null, null)
GO
GO
INSERT INTO [dbo].[RtField] ([FieldGuid], [MasterGuid], [Name], [Alias], [Type], [IsArray], [GroupName], [Format], [Value], [Description]) VALUES (N'8EE6080E-A9B5-438B-9A71-93572F9C5059', N'B3FDA2F8-E8A9-4FAE-B969-6839818F5D79', N'&Title', null, N'string', null, null, null, null, null)
GO
GO
INSERT INTO [dbo].[RtField] ([FieldGuid], [MasterGuid], [Name], [Alias], [Type], [IsArray], [GroupName], [Format], [Value], [Description]) VALUES (N'7C3A3A4C-133F-44A1-9103-951B3FA99464', N'2D476308-DF16-490B-929F-89465CAA013F', N'&Applicant', null, N'string', null, null, null, null, null)
GO
GO
INSERT INTO [dbo].[RtField] ([FieldGuid], [MasterGuid], [Name], [Alias], [Type], [IsArray], [GroupName], [Format], [Value], [Description]) VALUES (N'C3FC83CB-A506-4792-8BC5-992487DBBBB1', N'C332FCEF-DE2F-445E-81E5-337CC1047421', N'&Manager', null, N'string', null, null, null, N'2', null)
GO
GO
INSERT INTO [dbo].[RtField] ([FieldGuid], [MasterGuid], [Name], [Alias], [Type], [IsArray], [GroupName], [Format], [Value], [Description]) VALUES (N'A2EDE6AD-3423-486A-9B2A-9D17B916F077', N'127970B7-C95A-4B61-B90F-0A24BD7D7E76', N'&Leader', null, N'string', null, null, null, null, null)
GO
GO
INSERT INTO [dbo].[RtField] ([FieldGuid], [MasterGuid], [Name], [Alias], [Type], [IsArray], [GroupName], [Format], [Value], [Description]) VALUES (N'87E5AA2B-5842-429C-AA61-9E14FC736925', N'3E480485-6B18-4803-8BDE-47FE629C9D95', N'&Title', null, N'string', null, null, null, N'123', null)
GO
GO
INSERT INTO [dbo].[RtField] ([FieldGuid], [MasterGuid], [Name], [Alias], [Type], [IsArray], [GroupName], [Format], [Value], [Description]) VALUES (N'DE3400A9-D28E-425E-B202-A195B6BD1A1F', N'759F54DE-5154-4193-8238-DF93951EB650', N'&Manager', null, N'string', null, null, null, null, null)
GO
GO
INSERT INTO [dbo].[RtField] ([FieldGuid], [MasterGuid], [Name], [Alias], [Type], [IsArray], [GroupName], [Format], [Value], [Description]) VALUES (N'3BF24F50-BC5B-4D96-AF14-A3A01C76AC9B', N'759F54DE-5154-4193-8238-DF93951EB650', N'&Applicant', null, N'string', null, null, null, null, null)
GO
GO
INSERT INTO [dbo].[RtField] ([FieldGuid], [MasterGuid], [Name], [Alias], [Type], [IsArray], [GroupName], [Format], [Value], [Description]) VALUES (N'48BD1677-D7EE-425E-B851-A9A804F52403', N'4696AF64-49A3-481C-9C39-3DFCB051F96D', N'&Manager', null, N'string', null, null, null, null, null)
GO
GO
INSERT INTO [dbo].[RtField] ([FieldGuid], [MasterGuid], [Name], [Alias], [Type], [IsArray], [GroupName], [Format], [Value], [Description]) VALUES (N'649EB387-8092-46A0-9BE9-AF3071A08397', N'C332FCEF-DE2F-445E-81E5-337CC1047421', N'&Leader', null, N'string', null, null, null, null, null)
GO
GO
INSERT INTO [dbo].[RtField] ([FieldGuid], [MasterGuid], [Name], [Alias], [Type], [IsArray], [GroupName], [Format], [Value], [Description]) VALUES (N'31AA4067-775F-47C6-A986-B1E25115959C', N'B3FDA2F8-E8A9-4FAE-B969-6839818F5D79', N'&Applicant', null, N'string', null, null, null, null, null)
GO
GO
INSERT INTO [dbo].[RtField] ([FieldGuid], [MasterGuid], [Name], [Alias], [Type], [IsArray], [GroupName], [Format], [Value], [Description]) VALUES (N'540DB2DF-A60F-4FC0-B51D-B24BFCC0E8FA', N'6D81A4E2-2F0F-4DFD-B9CB-70D811807908', N'&Title', null, N'string', null, null, null, N'123', null)
GO
GO
INSERT INTO [dbo].[RtField] ([FieldGuid], [MasterGuid], [Name], [Alias], [Type], [IsArray], [GroupName], [Format], [Value], [Description]) VALUES (N'53B2F23F-3F03-40EE-9D1B-B74251796882', N'3E480485-6B18-4803-8BDE-47FE629C9D95', N'&Manager', null, N'string', null, null, null, null, null)
GO
GO
INSERT INTO [dbo].[RtField] ([FieldGuid], [MasterGuid], [Name], [Alias], [Type], [IsArray], [GroupName], [Format], [Value], [Description]) VALUES (N'594F1A8F-9FD0-47D4-8CFE-B7780E3C1415', N'415C7CAF-3122-444F-B7C9-1397EDEFE6D6', N'&Applicant', null, N'string', null, null, null, null, null)
GO
GO
INSERT INTO [dbo].[RtField] ([FieldGuid], [MasterGuid], [Name], [Alias], [Type], [IsArray], [GroupName], [Format], [Value], [Description]) VALUES (N'DC3A0492-48C9-4283-8FDC-BABAE6EF1DD8', N'C332FCEF-DE2F-445E-81E5-337CC1047421', N'&Title', null, N'string', null, null, null, N'123', null)
GO
GO
INSERT INTO [dbo].[RtField] ([FieldGuid], [MasterGuid], [Name], [Alias], [Type], [IsArray], [GroupName], [Format], [Value], [Description]) VALUES (N'FFC998E5-EA9D-417B-AD5B-C1F57ED03222', N'3E480485-6B18-4803-8BDE-47FE629C9D95', N'&Applicant', null, N'string', null, null, null, N'1', null)
GO
GO
INSERT INTO [dbo].[RtField] ([FieldGuid], [MasterGuid], [Name], [Alias], [Type], [IsArray], [GroupName], [Format], [Value], [Description]) VALUES (N'BAB58AE0-99B3-4661-89D4-CC77B2830FB3', N'759F54DE-5154-4193-8238-DF93951EB650', N'&Leader', null, N'string', null, null, null, null, null)
GO
GO
INSERT INTO [dbo].[RtField] ([FieldGuid], [MasterGuid], [Name], [Alias], [Type], [IsArray], [GroupName], [Format], [Value], [Description]) VALUES (N'F92C2E8B-0044-4CD5-8938-CFD2F91DC642', N'6D81A4E2-2F0F-4DFD-B9CB-70D811807908', N'&Leader', null, N'string', null, null, null, null, null)
GO
GO
INSERT INTO [dbo].[RtField] ([FieldGuid], [MasterGuid], [Name], [Alias], [Type], [IsArray], [GroupName], [Format], [Value], [Description]) VALUES (N'B0FCFCFC-47FA-4336-89A3-D4ABC6F0BB33', N'2D476308-DF16-490B-929F-89465CAA013F', N'&Title', null, N'string', null, null, null, null, null)
GO
GO
INSERT INTO [dbo].[RtField] ([FieldGuid], [MasterGuid], [Name], [Alias], [Type], [IsArray], [GroupName], [Format], [Value], [Description]) VALUES (N'69E0DCFF-7584-4E41-9376-D5E851A647F9', N'127970B7-C95A-4B61-B90F-0A24BD7D7E76', N'&Applicant', null, N'string', null, null, null, N'sd', null)
GO
GO
INSERT INTO [dbo].[RtField] ([FieldGuid], [MasterGuid], [Name], [Alias], [Type], [IsArray], [GroupName], [Format], [Value], [Description]) VALUES (N'5830A767-AE49-454C-9467-DAF605FE1AF1', N'127970B7-C95A-4B61-B90F-0A24BD7D7E76', N'&Title', null, N'string', null, null, null, N'阿斯蒂芬', null)
GO
GO
INSERT INTO [dbo].[RtField] ([FieldGuid], [MasterGuid], [Name], [Alias], [Type], [IsArray], [GroupName], [Format], [Value], [Description]) VALUES (N'DAAE19F4-D56E-4BE3-99CB-E5F8F2CDAED5', N'C332FCEF-DE2F-445E-81E5-337CC1047421', N'&Applicant', null, N'string', null, null, null, N'1', null)
GO
GO
INSERT INTO [dbo].[RtField] ([FieldGuid], [MasterGuid], [Name], [Alias], [Type], [IsArray], [GroupName], [Format], [Value], [Description]) VALUES (N'6D490707-43D4-4F90-A268-F2547D0959C4', N'6D81A4E2-2F0F-4DFD-B9CB-70D811807908', N'&Manager', null, N'string', null, null, null, N'2', null)
GO
GO
INSERT INTO [dbo].[RtField] ([FieldGuid], [MasterGuid], [Name], [Alias], [Type], [IsArray], [GroupName], [Format], [Value], [Description]) VALUES (N'6577C3BE-4468-4E78-8B89-F45A17ED8177', N'4696AF64-49A3-481C-9C39-3DFCB051F96D', N'&Leader', null, N'string', null, null, null, null, null)
GO
GO

-- ----------------------------
-- Table structure for RtForm
-- ----------------------------
DROP TABLE [dbo].[RtForm]
GO
CREATE TABLE [dbo].[RtForm] (
[FormGuid] uniqueidentifier NOT NULL ,
[MasterGuid] uniqueidentifier NOT NULL ,
[TaskPage] uniqueidentifier NULL ,
[Type] nvarchar(MAX) NULL ,
[Name] nvarchar(MAX) NULL ,
[Html] nvarchar(MAX) NULL ,
[CreateTime] datetime NULL ,
[CreateUser] uniqueidentifier NULL ,
[UpdateTime] datetime NULL ,
[UpdateUser] uniqueidentifier NULL ,
[Released] int NULL 
)


GO

-- ----------------------------
-- Records of RtForm
-- ----------------------------
INSERT INTO [dbo].[RtForm] ([FormGuid], [MasterGuid], [TaskPage], [Type], [Name], [Html], [CreateTime], [CreateUser], [UpdateTime], [UpdateUser], [Released]) VALUES (N'5DB06C80-ED73-4B8A-80C1-058BF92B0489', N'B3FDA2F8-E8A9-4FAE-B969-6839818F5D79', N'27660889-5B1B-4EB4-AB8D-628A97779C89', null, null, N'部门经理：<input field=''&amp;Manager'' id=''data_561dc3f2759ef'' name=''data_561dc3f2759ef'' title=''manager'' type=''text'' value='''' />', N'2018-01-05 17:41:06.417', null, null, null, null)
GO
GO
INSERT INTO [dbo].[RtForm] ([FormGuid], [MasterGuid], [TaskPage], [Type], [Name], [Html], [CreateTime], [CreateUser], [UpdateTime], [UpdateUser], [Released]) VALUES (N'BFDF7CF2-E650-445F-9B36-0D1ED7FC2073', N'6D81A4E2-2F0F-4DFD-B9CB-70D811807908', N'27660889-5B1B-4EB4-AB8D-628A97779C89', null, null, N'经理：<input field="&amp;Manager" id="data_5620d2e2c31be" name="data_5620d2e2c31be" operate="NoReadWrite" title="manger" type="text" value="" />', N'2018-01-05 20:22:46.497', null, null, null, null)
GO
GO
INSERT INTO [dbo].[RtForm] ([FormGuid], [MasterGuid], [TaskPage], [Type], [Name], [Html], [CreateTime], [CreateUser], [UpdateTime], [UpdateUser], [Released]) VALUES (N'A407E970-0CA6-4F34-89D5-190E451C27A7', N'415C7CAF-3122-444F-B7C9-1397EDEFE6D6', N'DF670A0E-EB87-49F3-A7A0-18900D37D90E', null, null, N'经理：<input field="&amp;Manager" id="data_5620ce36cb5c8" name="data_5620ce36cb5c8" operate="NoReadWrite" title="manager" type="text" value="" />', N'2018-01-05 20:02:44.227', null, null, null, null)
GO
GO
INSERT INTO [dbo].[RtForm] ([FormGuid], [MasterGuid], [TaskPage], [Type], [Name], [Html], [CreateTime], [CreateUser], [UpdateTime], [UpdateUser], [Released]) VALUES (N'35C24602-D554-459A-A011-28C4B1588882', N'4696AF64-49A3-481C-9C39-3DFCB051F96D', N'AD24513F-3814-4854-AA8E-AD53486191F8', null, null, N'申请：<input field="&amp;Applicant" id="data_5620ce77bfd0d" name="data_5620ce77bfd0d" operate="ReadNoWrite" title="applicant" type="text" value="" /><br />
<br />
经理：<input field="&amp;Manager" id="data_5620ce87def71" name="data_5620ce87def71" operate="ReadNoWrite" title="manager" type="text" value="" />', N'2018-01-05 20:09:05.443', null, null, null, null)
GO
GO
INSERT INTO [dbo].[RtForm] ([FormGuid], [MasterGuid], [TaskPage], [Type], [Name], [Html], [CreateTime], [CreateUser], [UpdateTime], [UpdateUser], [Released]) VALUES (N'D3999871-1D24-4594-A986-2B9ABBF011DA', N'A3204CCB-4D2A-4B09-9A7A-F0F91A5EF0DB', N'884047CF-B054-4A91-BF81-7B6266638902', null, null, N'标题：<input field="&amp;Title" id="data_5620cdff9f7f1" name="data_5620cdff9f7f1" operate="NoReadWrite" title="title" type="text" value="" /><br />
<br />
申请：<input field="&amp;Applicant" id="data_5620ce58c68ae" name="data_5620ce58c68ae" operate="NoReadWrite" title="" type="text" value="" />', N'2018-01-05 20:01:56.487', null, null, null, null)
GO
GO
INSERT INTO [dbo].[RtForm] ([FormGuid], [MasterGuid], [TaskPage], [Type], [Name], [Html], [CreateTime], [CreateUser], [UpdateTime], [UpdateUser], [Released]) VALUES (N'BCD11709-E3B9-4C00-8612-2E75DF459118', N'6D81A4E2-2F0F-4DFD-B9CB-70D811807908', N'FA771087-632B-4DED-B99D-5DAB949435D9', null, null, N'标题：<input field="&amp;Title" id="data_5620d3c6b9ba8" name="data_5620d3c6b9ba8" operate="ReadNoWrite" title="title" type="text" value="" /><br />
<br />
申请：<input field="&amp;Applicant" id="data_5620d30f259b9" name="data_5620d30f259b9" operate="ReadNoWrite" title="applicant" type="text" value="" /><br />
<br />
经理：<input field="&amp;Manager" id="data_5620d31d2d437" name="data_5620d31d2d437" operate="ReadNoWrite" title="manger" type="text" value="" />', N'2018-01-05 20:22:46.497', null, N'2018-01-05 20:24:32.530', null, null)
GO
GO
INSERT INTO [dbo].[RtForm] ([FormGuid], [MasterGuid], [TaskPage], [Type], [Name], [Html], [CreateTime], [CreateUser], [UpdateTime], [UpdateUser], [Released]) VALUES (N'1C676130-B02C-4949-9C82-344283AB2AA9', N'4696AF64-49A3-481C-9C39-3DFCB051F96D', N'DF670A0E-EB87-49F3-A7A0-18900D37D90E', null, null, N'经理：<input field="&amp;Manager" id="data_5620ce36cb5c8" name="data_5620ce36cb5c8" operate="NoReadWrite" title="manager" type="text" value="" />', N'2018-01-05 20:09:05.443', null, null, null, null)
GO
GO
INSERT INTO [dbo].[RtForm] ([FormGuid], [MasterGuid], [TaskPage], [Type], [Name], [Html], [CreateTime], [CreateUser], [UpdateTime], [UpdateUser], [Released]) VALUES (N'B4A840CA-E5DF-47C5-9A5F-352458CABD0A', N'759F54DE-5154-4193-8238-DF93951EB650', N'884047CF-B054-4A91-BF81-7B6266638902', null, null, N'标题：<input field="&amp;Title" id="data_5620cdff9f7f1" name="data_5620cdff9f7f1" operate="NoReadWrite" title="title" type="text" value="" /><br />
<br />
申请：<input field="&amp;Applicant" id="data_5620ce58c68ae" name="data_5620ce58c68ae" operate="NoReadWrite" title="" type="text" value="" />', N'2018-01-05 20:10:17.317', null, null, null, null)
GO
GO
INSERT INTO [dbo].[RtForm] ([FormGuid], [MasterGuid], [TaskPage], [Type], [Name], [Html], [CreateTime], [CreateUser], [UpdateTime], [UpdateUser], [Released]) VALUES (N'1B87C7FA-00E3-44AE-899B-452828A83182', N'B2E76353-BE39-4CE0-8D31-4C25512B98A1', N'FA771087-632B-4DED-B99D-5DAB949435D9', null, null, N'申请：<input field="&amp;Applicant" id="data_5620ce77bfd0d" name="data_5620ce77bfd0d" operate="ReadNoWrite" title="applicant" type="text" value="" /><br />
<br />
经理：<input field="&amp;Manager" id="data_5620ce87def71" name="data_5620ce87def71" operate="ReadNoWrite" title="manager" type="text" value="" />', N'2018-01-05 20:11:59.797', null, null, null, null)
GO
GO
INSERT INTO [dbo].[RtForm] ([FormGuid], [MasterGuid], [TaskPage], [Type], [Name], [Html], [CreateTime], [CreateUser], [UpdateTime], [UpdateUser], [Released]) VALUES (N'2258C16C-D12A-4A1B-B81A-46C5074ABF54', N'127970B7-C95A-4B61-B90F-0A24BD7D7E76', N'7CF512D2-A62A-4C9F-A5CE-84898B8781AD', null, null, N'标题：<input field="&amp;Title" id="data_5620af11d2b4d" name="data_5620af11d2b4d" operate="ReadWrite" title="title" type="text" value="" /><br />
<br />
发起人：<input field="&amp;Applicant" id="data_561dc3c314fbd" name="data_561dc3c314fbd" operate="ReadNoWrite" title="applicant" type="text" value="" />', N'2018-01-05 19:04:55.843', null, N'2018-01-05 19:54:55.837', null, null)
GO
GO
INSERT INTO [dbo].[RtForm] ([FormGuid], [MasterGuid], [TaskPage], [Type], [Name], [Html], [CreateTime], [CreateUser], [UpdateTime], [UpdateUser], [Released]) VALUES (N'D16AC86E-FFDB-4F2D-B81C-4C2BCDDE4649', N'3E480485-6B18-4803-8BDE-47FE629C9D95', N'DBB9B148-0E1C-4E7C-B709-D4B05CA253C9', null, null, null, N'2018-01-05 17:41:16.287', null, null, null, null)
GO
GO
INSERT INTO [dbo].[RtForm] ([FormGuid], [MasterGuid], [TaskPage], [Type], [Name], [Html], [CreateTime], [CreateUser], [UpdateTime], [UpdateUser], [Released]) VALUES (N'0CF5FF5B-068A-41FB-995C-4D8B82785A75', N'C332FCEF-DE2F-445E-81E5-337CC1047421', N'FA771087-632B-4DED-B99D-5DAB949435D9', null, null, N'申请：<input field="&amp;Applicant" id="data_5620ce77bfd0d" name="data_5620ce77bfd0d" operate="ReadNoWrite" title="applicant" type="text" value="" /><br />
<br />
经理：<input field="&amp;Manager" id="data_5620ce87def71" name="data_5620ce87def71" operate="ReadNoWrite" title="manager" type="text" value="" />', N'2018-01-05 20:14:29.483', null, null, null, null)
GO
GO
INSERT INTO [dbo].[RtForm] ([FormGuid], [MasterGuid], [TaskPage], [Type], [Name], [Html], [CreateTime], [CreateUser], [UpdateTime], [UpdateUser], [Released]) VALUES (N'576371C8-D936-4230-B5F2-4E4AE625536C', N'127970B7-C95A-4B61-B90F-0A24BD7D7E76', N'DBB9B148-0E1C-4E7C-B709-D4B05CA253C9', null, null, null, N'2018-01-05 19:04:55.843', null, null, null, null)
GO
GO
INSERT INTO [dbo].[RtForm] ([FormGuid], [MasterGuid], [TaskPage], [Type], [Name], [Html], [CreateTime], [CreateUser], [UpdateTime], [UpdateUser], [Released]) VALUES (N'6CA53DCF-695F-4BDA-B282-54770A7A414F', N'C332FCEF-DE2F-445E-81E5-337CC1047421', N'7CF512D2-A62A-4C9F-A5CE-84898B8781AD', null, null, N'标题：<input field="&amp;Title" id="data_5620cdff9f7f1" name="data_5620cdff9f7f1" operate="NoReadWrite" title="title" type="text" value="" /><br />
<br />
申请：<input field="&amp;Applicant" id="data_5620ce58c68ae" name="data_5620ce58c68ae" operate="NoReadWrite" title="" type="text" value="" />', N'2018-01-05 20:14:29.483', null, null, null, null)
GO
GO
INSERT INTO [dbo].[RtForm] ([FormGuid], [MasterGuid], [TaskPage], [Type], [Name], [Html], [CreateTime], [CreateUser], [UpdateTime], [UpdateUser], [Released]) VALUES (N'AD16D94F-23A2-450B-AA3D-6384889B01A9', N'759F54DE-5154-4193-8238-DF93951EB650', N'AD24513F-3814-4854-AA8E-AD53486191F8', null, null, N'申请：<input field="&amp;Applicant" id="data_5620ce77bfd0d" name="data_5620ce77bfd0d" operate="ReadNoWrite" title="applicant" type="text" value="" /><br />
<br />
经理：<input field="&amp;Manager" id="data_5620ce87def71" name="data_5620ce87def71" operate="ReadNoWrite" title="manager" type="text" value="" />', N'2018-01-05 20:10:17.317', null, null, null, null)
GO
GO
INSERT INTO [dbo].[RtForm] ([FormGuid], [MasterGuid], [TaskPage], [Type], [Name], [Html], [CreateTime], [CreateUser], [UpdateTime], [UpdateUser], [Released]) VALUES (N'575410E2-0151-4280-A625-6558DC04DA1A', N'A3204CCB-4D2A-4B09-9A7A-F0F91A5EF0DB', N'AD24513F-3814-4854-AA8E-AD53486191F8', null, null, N'申请：<input field="&amp;Applicant" id="data_5620ce77bfd0d" name="data_5620ce77bfd0d" operate="ReadNoWrite" title="applicant" type="text" value="" /><br />
<br />
经理：<input field="&amp;Manager" id="data_5620ce87def71" name="data_5620ce87def71" operate="ReadNoWrite" title="manager" type="text" value="" />', N'2018-01-05 20:01:56.487', null, null, null, null)
GO
GO
INSERT INTO [dbo].[RtForm] ([FormGuid], [MasterGuid], [TaskPage], [Type], [Name], [Html], [CreateTime], [CreateUser], [UpdateTime], [UpdateUser], [Released]) VALUES (N'751081B2-FF79-44B2-A6F6-68ACBC66167A', N'B2E76353-BE39-4CE0-8D31-4C25512B98A1', N'27660889-5B1B-4EB4-AB8D-628A97779C89', null, null, N'经理：<input field="&amp;Manager" id="data_5620ce36cb5c8" name="data_5620ce36cb5c8" operate="NoReadWrite" title="manager" type="text" value="" />', N'2018-01-05 20:11:59.797', null, null, null, null)
GO
GO
INSERT INTO [dbo].[RtForm] ([FormGuid], [MasterGuid], [TaskPage], [Type], [Name], [Html], [CreateTime], [CreateUser], [UpdateTime], [UpdateUser], [Released]) VALUES (N'73EA6B76-3ABF-420F-BCDD-70D34C264F20', N'127970B7-C95A-4B61-B90F-0A24BD7D7E76', N'27660889-5B1B-4EB4-AB8D-628A97779C89', null, null, N'部门经理：<input field=''&amp;Manager'' id=''data_561dc3f2759ef'' name=''data_561dc3f2759ef'' title=''manager'' type=''text'' value='''' />', N'2018-01-05 19:04:55.843', null, null, null, null)
GO
GO
INSERT INTO [dbo].[RtForm] ([FormGuid], [MasterGuid], [TaskPage], [Type], [Name], [Html], [CreateTime], [CreateUser], [UpdateTime], [UpdateUser], [Released]) VALUES (N'CCD006EE-2E1D-4B80-A77E-70F264A3AE64', N'3E480485-6B18-4803-8BDE-47FE629C9D95', N'7CF512D2-A62A-4C9F-A5CE-84898B8781AD', null, null, N'标题：<input field="&amp;Title" id="data_5620af11d2b4d" name="data_5620af11d2b4d" operate="NoReadWrite" title="title" type="text" value="" /><br />
<br />
发起人：<input field="&amp;Applicant" id="data_561dc3c314fbd" name="data_561dc3c314fbd" operate="NoReadWrite" title="applicant" type="text" value="" />', N'2018-01-05 17:41:16.287', null, null, null, null)
GO
GO
INSERT INTO [dbo].[RtForm] ([FormGuid], [MasterGuid], [TaskPage], [Type], [Name], [Html], [CreateTime], [CreateUser], [UpdateTime], [UpdateUser], [Released]) VALUES (N'3634B080-6D43-457B-9B0B-7A5B16DC2A03', N'127970B7-C95A-4B61-B90F-0A24BD7D7E76', N'FA771087-632B-4DED-B99D-5DAB949435D9', null, null, N'总经理：<input field=''&amp;Leader'' id=''data_561dc40ced034'' name=''data_561dc40ced034'' title=''leader'' type=''text'' value='''' />', N'2018-01-05 19:04:55.843', null, null, null, null)
GO
GO
INSERT INTO [dbo].[RtForm] ([FormGuid], [MasterGuid], [TaskPage], [Type], [Name], [Html], [CreateTime], [CreateUser], [UpdateTime], [UpdateUser], [Released]) VALUES (N'50C784C6-FDEA-4084-BFD5-7E22A3F6F710', N'3E480485-6B18-4803-8BDE-47FE629C9D95', N'27660889-5B1B-4EB4-AB8D-628A97779C89', null, null, N'部门经理：<input field=''&amp;Manager'' id=''data_561dc3f2759ef'' name=''data_561dc3f2759ef'' title=''manager'' type=''text'' value='''' />', N'2018-01-05 17:41:16.287', null, null, null, null)
GO
GO
INSERT INTO [dbo].[RtForm] ([FormGuid], [MasterGuid], [TaskPage], [Type], [Name], [Html], [CreateTime], [CreateUser], [UpdateTime], [UpdateUser], [Released]) VALUES (N'74C3E3C0-8855-4F9B-B37D-8411A1BBA083', N'6D81A4E2-2F0F-4DFD-B9CB-70D811807908', N'7CF512D2-A62A-4C9F-A5CE-84898B8781AD', null, null, N'标题：<input field="&amp;Title" id="data_5620d23b5b606" name="data_5620d23b5b606" operate="NoReadWrite" title="title" type="text" value="" /><br />
<br />
shenqing:<input field="&amp;Applicant" id="data_5620d28e974fd" name="data_5620d28e974fd" operate="NoReadWrite" title="applicant" type="text" value="" />', N'2018-01-05 20:22:46.497', null, null, null, null)
GO
GO
INSERT INTO [dbo].[RtForm] ([FormGuid], [MasterGuid], [TaskPage], [Type], [Name], [Html], [CreateTime], [CreateUser], [UpdateTime], [UpdateUser], [Released]) VALUES (N'983FA19D-621E-47FE-BF9D-97FF21EDE400', N'2D476308-DF16-490B-929F-89465CAA013F', N'FA771087-632B-4DED-B99D-5DAB949435D9', null, null, N'总经理：<input field=''&amp;Leader'' id=''data_561dc40ced034'' name=''data_561dc40ced034'' title=''leader'' type=''text'' value='''' />', N'2018-01-05 19:03:29.993', null, null, null, null)
GO
GO
INSERT INTO [dbo].[RtForm] ([FormGuid], [MasterGuid], [TaskPage], [Type], [Name], [Html], [CreateTime], [CreateUser], [UpdateTime], [UpdateUser], [Released]) VALUES (N'CEE01879-11CE-4CAD-B0B3-9AD88D2843E8', N'2D476308-DF16-490B-929F-89465CAA013F', N'7CF512D2-A62A-4C9F-A5CE-84898B8781AD', null, null, N'标题：<input field="&amp;Title" id="data_5620af11d2b4d" name="data_5620af11d2b4d" operate="ReadWrite" title="title" type="text" value="" /><br />
<br />
发起人：<input field="&amp;Applicant" id="data_561dc3c314fbd" name="data_561dc3c314fbd" operate="NoReadWrite" title="applicant" type="text" value="" />', N'2018-01-05 19:03:29.993', null, null, null, null)
GO
GO
INSERT INTO [dbo].[RtForm] ([FormGuid], [MasterGuid], [TaskPage], [Type], [Name], [Html], [CreateTime], [CreateUser], [UpdateTime], [UpdateUser], [Released]) VALUES (N'2F46AEC3-8FFF-4C13-8127-A616F55A9C10', N'415C7CAF-3122-444F-B7C9-1397EDEFE6D6', N'AD24513F-3814-4854-AA8E-AD53486191F8', null, null, N'申请：<input field="&amp;Applicant" id="data_5620ce77bfd0d" name="data_5620ce77bfd0d" operate="ReadNoWrite" title="applicant" type="text" value="" /><br />
<br />
经理：<input field="&amp;Manager" id="data_5620ce87def71" name="data_5620ce87def71" operate="ReadNoWrite" title="manager" type="text" value="" />', N'2018-01-05 20:02:44.227', null, null, null, null)
GO
GO
INSERT INTO [dbo].[RtForm] ([FormGuid], [MasterGuid], [TaskPage], [Type], [Name], [Html], [CreateTime], [CreateUser], [UpdateTime], [UpdateUser], [Released]) VALUES (N'856585AF-EA15-4987-8E04-AB9ED2C13460', N'B3FDA2F8-E8A9-4FAE-B969-6839818F5D79', N'DBB9B148-0E1C-4E7C-B709-D4B05CA253C9', null, null, null, N'2018-01-05 17:41:06.417', null, null, null, null)
GO
GO
INSERT INTO [dbo].[RtForm] ([FormGuid], [MasterGuid], [TaskPage], [Type], [Name], [Html], [CreateTime], [CreateUser], [UpdateTime], [UpdateUser], [Released]) VALUES (N'761F17D0-7773-4377-9584-AF93703465C0', N'B2E76353-BE39-4CE0-8D31-4C25512B98A1', N'7CF512D2-A62A-4C9F-A5CE-84898B8781AD', null, null, N'标题：<input field="&amp;Title" id="data_5620cdff9f7f1" name="data_5620cdff9f7f1" operate="NoReadWrite" title="title" type="text" value="" /><br />
<br />
申请：<input field="&amp;Applicant" id="data_5620ce58c68ae" name="data_5620ce58c68ae" operate="NoReadWrite" title="" type="text" value="" />', N'2018-01-05 20:11:59.797', null, null, null, null)
GO
GO
INSERT INTO [dbo].[RtForm] ([FormGuid], [MasterGuid], [TaskPage], [Type], [Name], [Html], [CreateTime], [CreateUser], [UpdateTime], [UpdateUser], [Released]) VALUES (N'FA315D14-700E-4B1F-A25F-B4A169534199', N'B3FDA2F8-E8A9-4FAE-B969-6839818F5D79', N'7CF512D2-A62A-4C9F-A5CE-84898B8781AD', null, null, N'标题：<input field="&amp;Title" id="data_5620af11d2b4d" name="data_5620af11d2b4d" operate="NoReadWrite" title="title" type="text" value="" /><br />
<br />
发起人：<input field="&amp;Applicant" id="data_561dc3c314fbd" name="data_561dc3c314fbd" operate="NoReadWrite" title="applicant" type="text" value="" />', N'2018-01-05 17:41:06.417', null, null, null, null)
GO
GO
INSERT INTO [dbo].[RtForm] ([FormGuid], [MasterGuid], [TaskPage], [Type], [Name], [Html], [CreateTime], [CreateUser], [UpdateTime], [UpdateUser], [Released]) VALUES (N'34D0C920-CED5-4915-98EE-BA5D797AB2BD', N'4696AF64-49A3-481C-9C39-3DFCB051F96D', N'884047CF-B054-4A91-BF81-7B6266638902', null, null, N'标题：<input field="&amp;Title" id="data_5620cdff9f7f1" name="data_5620cdff9f7f1" operate="NoReadWrite" title="title" type="text" value="" /><br />
<br />
申请：<input field="&amp;Applicant" id="data_5620ce58c68ae" name="data_5620ce58c68ae" operate="NoReadWrite" title="" type="text" value="" />', N'2018-01-05 20:09:05.443', null, null, null, null)
GO
GO
INSERT INTO [dbo].[RtForm] ([FormGuid], [MasterGuid], [TaskPage], [Type], [Name], [Html], [CreateTime], [CreateUser], [UpdateTime], [UpdateUser], [Released]) VALUES (N'4B2E16A5-5A29-4D45-B464-C047541BFEEA', N'A3204CCB-4D2A-4B09-9A7A-F0F91A5EF0DB', N'DF670A0E-EB87-49F3-A7A0-18900D37D90E', null, null, N'经理：<input field="&amp;Manager" id="data_5620ce36cb5c8" name="data_5620ce36cb5c8" operate="NoReadWrite" title="manager" type="text" value="" />', N'2018-01-05 20:01:56.487', null, null, null, null)
GO
GO
INSERT INTO [dbo].[RtForm] ([FormGuid], [MasterGuid], [TaskPage], [Type], [Name], [Html], [CreateTime], [CreateUser], [UpdateTime], [UpdateUser], [Released]) VALUES (N'911B4D73-AD0E-4D48-BAF9-C05FE724FCE7', N'B3FDA2F8-E8A9-4FAE-B969-6839818F5D79', N'FA771087-632B-4DED-B99D-5DAB949435D9', null, null, N'总经理：<input field=''&amp;Leader'' id=''data_561dc40ced034'' name=''data_561dc40ced034'' title=''leader'' type=''text'' value='''' />', N'2018-01-05 17:41:06.417', null, null, null, null)
GO
GO
INSERT INTO [dbo].[RtForm] ([FormGuid], [MasterGuid], [TaskPage], [Type], [Name], [Html], [CreateTime], [CreateUser], [UpdateTime], [UpdateUser], [Released]) VALUES (N'7F4507FA-40B2-4E5B-BD54-C107D4E8BBF2', N'415C7CAF-3122-444F-B7C9-1397EDEFE6D6', N'884047CF-B054-4A91-BF81-7B6266638902', null, null, N'标题：<input field="&amp;Title" id="data_5620cdff9f7f1" name="data_5620cdff9f7f1" operate="NoReadWrite" title="title" type="text" value="" /><br />
<br />
申请：<input field="&amp;Applicant" id="data_5620ce58c68ae" name="data_5620ce58c68ae" operate="NoReadWrite" title="" type="text" value="" />', N'2018-01-05 20:02:44.227', null, null, null, null)
GO
GO
INSERT INTO [dbo].[RtForm] ([FormGuid], [MasterGuid], [TaskPage], [Type], [Name], [Html], [CreateTime], [CreateUser], [UpdateTime], [UpdateUser], [Released]) VALUES (N'9D4B5F37-3A35-4391-8803-C7369C987C74', N'2D476308-DF16-490B-929F-89465CAA013F', N'DBB9B148-0E1C-4E7C-B709-D4B05CA253C9', null, null, null, N'2018-01-05 19:03:29.993', null, null, null, null)
GO
GO
INSERT INTO [dbo].[RtForm] ([FormGuid], [MasterGuid], [TaskPage], [Type], [Name], [Html], [CreateTime], [CreateUser], [UpdateTime], [UpdateUser], [Released]) VALUES (N'D37CCDD1-E13F-497F-BCE1-CB32896A29DC', N'759F54DE-5154-4193-8238-DF93951EB650', N'DF670A0E-EB87-49F3-A7A0-18900D37D90E', null, null, N'经理：<input field="&amp;Manager" id="data_5620ce36cb5c8" name="data_5620ce36cb5c8" operate="NoReadWrite" title="manager" type="text" value="" />', N'2018-01-05 20:10:17.317', null, null, null, null)
GO
GO
INSERT INTO [dbo].[RtForm] ([FormGuid], [MasterGuid], [TaskPage], [Type], [Name], [Html], [CreateTime], [CreateUser], [UpdateTime], [UpdateUser], [Released]) VALUES (N'D0B6F349-F614-4E02-A9B2-D1EEAB02334A', N'2D476308-DF16-490B-929F-89465CAA013F', N'27660889-5B1B-4EB4-AB8D-628A97779C89', null, null, N'部门经理：<input field=''&amp;Manager'' id=''data_561dc3f2759ef'' name=''data_561dc3f2759ef'' title=''manager'' type=''text'' value='''' />', N'2018-01-05 19:03:29.993', null, null, null, null)
GO
GO
INSERT INTO [dbo].[RtForm] ([FormGuid], [MasterGuid], [TaskPage], [Type], [Name], [Html], [CreateTime], [CreateUser], [UpdateTime], [UpdateUser], [Released]) VALUES (N'CC48BD71-CBDD-45BF-B604-E8FFBDF14BF5', N'C332FCEF-DE2F-445E-81E5-337CC1047421', N'27660889-5B1B-4EB4-AB8D-628A97779C89', null, null, N'经理：<input field="&amp;Manager" id="data_5620ce36cb5c8" name="data_5620ce36cb5c8" operate="NoReadWrite" title="manager" type="text" value="" />', N'2018-01-05 20:14:29.483', null, null, null, null)
GO
GO
INSERT INTO [dbo].[RtForm] ([FormGuid], [MasterGuid], [TaskPage], [Type], [Name], [Html], [CreateTime], [CreateUser], [UpdateTime], [UpdateUser], [Released]) VALUES (N'E5E70879-7EBC-49A6-A582-F2F35CEC0B66', N'3E480485-6B18-4803-8BDE-47FE629C9D95', N'FA771087-632B-4DED-B99D-5DAB949435D9', null, null, N'总经理：<input field=''&amp;Leader'' id=''data_561dc40ced034'' name=''data_561dc40ced034'' title=''leader'' type=''text'' value='''' />', N'2018-01-05 17:41:16.287', null, null, null, null)
GO
GO

-- ----------------------------
-- Table structure for RtInstance
-- ----------------------------
DROP TABLE [dbo].[RtInstance]
GO
CREATE TABLE [dbo].[RtInstance] (
[InstanceGuid] uniqueidentifier NOT NULL ,
[RepoGuid] uniqueidentifier NOT NULL ,
[InstanceTitle] nvarchar(100) NULL ,
[InstanceStatus] tinyint NOT NULL ,
[Originator] nvarchar(100) NULL ,
[StartTime] datetime NULL ,
[EndTime] datetime NULL ,
[ProcessXml] nvarchar(MAX) NULL 
)


GO

-- ----------------------------
-- Records of RtInstance
-- ----------------------------
INSERT INTO [dbo].[RtInstance] ([InstanceGuid], [RepoGuid], [InstanceTitle], [InstanceStatus], [Originator], [StartTime], [EndTime], [ProcessXml]) VALUES (N'127970B7-C95A-4B61-B90F-0A24BD7D7E76', N'A40797C6-0DDA-4A23-B104-43607D6A69B9', N'请假', N'0', N'a', N'2018-01-05 19:04:55.843', null, N'<?xml version="1.0" encoding="utf-8"?>
<Process>
    <ProcessID>A7F1FF45-0711-492C-AE29-9854FC048DB5</ProcessID>
    <Title>请假申请</Title>
    <Author>admin</Author>
    <CodeType>CS</CodeType>
    <!--<loglevel>2</loglevel>-->
    <!--<Startobject>Startevent_0001</Startobject>-->
    <Version>1</Version>
    <Created>2017-12-19T14:48:00</Created>
    <Release>1</Release>
    <!--0未发布，1已发布-->
    <!--<Isbpmn2></Isbpmn2>-->
    <!--是否bpmn2格式显示，0否，1是-->
    <!--流程图元素-->
    <Flows>
        <Sequences>
            <!--<Sequence ID="sequence_0001" Source="0001" Target="0008" />
            <Sequence ID="sequence_0002" Source="0008" Target="0006" />
            <Sequence ID="sequence_0004" Name="no" Source="0006" Target="0002">
                <Express>&amp;IsLeader==1</Express>
            </Sequence>
            <Sequence ID="sequence_0005" Name="no" Source="0006" Target="0003">
                <Express>&amp;IsLeader==0</Express>
            </Sequence>
            <Sequence ID="sequence_0006" Source="0002" Target="0007" />
            <Sequence ID="sequence_0007" Source="0003" Target="0007" />
            <Sequence ID="sequence_0008" Source="0007" Target="0009" />-->
          
            <Sequence ID="sequence_0006" Source="0001" Target="0008" />
            <Sequence ID="sequence_0007" Source="0008" Target="0002" />
            <Sequence ID="sequence_0008" Source="0002" Target="0003" />
            <Sequence ID="sequence_0009" Source="0003" Target="0004" />
            <Sequence ID="sequence_0010" Source="0004" Target="0005" />
        </Sequences>
        <Steps>
            <StartEvent ID="0001" />
            <StartEvent ID="0005">
                <type>Timer</type>
                <Define>20171224</Define>
            </StartEvent>
            <EndEvent ID="0009"/>
            <UserTask ID="0008" Name="申请人填写入境申请表单">
                <TaskTitle>''请填写：''+&amp;Title</TaskTitle>
                <TaskPage>7CF512D2-A62A-4C9F-A5CE-84898B8781AD</TaskPage>
                <Candidates type="User">a</Candidates>
            </UserTask>
            <UserTask ID="0002" Name="部门经理审批">
                <TaskTitle>''请审批：''+&amp;Title</TaskTitle>
                <TaskPage>27660889-5B1B-4EB4-AB8D-628A97779C89</TaskPage>
                <Candidates type="User">b</Candidates>
            </UserTask>
            <UserTask ID="0003" Name="总经理审批">
                <TaskTitle>''请审批：''+&amp;Title</TaskTitle>
                <TaskPage>FA771087-632B-4DED-B99D-5DAB949435D9</TaskPage>
                <Candidates type="User">c</Candidates>
            </UserTask>
            <UserTask ID="0004" Name="申请人确认">
                <TaskTitle>''请确认：''+&amp;Title</TaskTitle>
                <TaskPage>DBB9B148-0E1C-4E7C-B709-D4B05CA253C9</TaskPage>
                <Candidates type="User">a</Candidates>
            </UserTask>
            <ExclusiveGateway ID="0006"/>
            <ExclusiveGateway ID="0007" />
        </Steps>
        <Graph></Graph>
    </Flows>
    <!--活动/事件-->
    <Pages>
        <!--表单页面-->
        <Page ID="0041" Name="2">
            <Type>3</Type>
            <Url>4</Url>
            <Fields>
              <Field></Field>
            </Fields>
            <Content>6</Content>
            <OnCreate>7</OnCreate>
            <OnSubmit>8</OnSubmit>
            <Methods>9</Methods>
        </Page>
    </Pages>
    <!--表单页面-->
    <Params>
        <!--流程变量定义-->
        <Param Name="&amp;Leader">
          <Type>string</Type>
          <IsArray>1</IsArray>
          <Value>0</Value>
          <GroupName>0</GroupName>
        </Param>
        <Param Name="&amp;Applicant">
          <Type>string</Type>
          <IsArray>1</IsArray>
          <Value>0</Value>
          <GroupName>0</GroupName>
        </Param>
        <Param Name="&amp;Manager">
          <Type>string</Type>
          <IsArray>1</IsArray>
          <Value>0</Value>
          <GroupName>0</GroupName>
        </Param>
        <Param Name="&amp;IsLeader">
            <Type>string</Type>
            <IsArray>1</IsArray>
            <Value>0</Value>
            <GroupName>0</GroupName>
        </Param>
        <Param Name="&amp;Title">
            <Type>string</Type>
            <IsArray>0</IsArray>
            <Value>请审批</Value>
            <GroupName>0</GroupName>
        </Param>
    </Params>
    <!--流程变量定义-->
</Process>')
GO
GO
INSERT INTO [dbo].[RtInstance] ([InstanceGuid], [RepoGuid], [InstanceTitle], [InstanceStatus], [Originator], [StartTime], [EndTime], [ProcessXml]) VALUES (N'415C7CAF-3122-444F-B7C9-1397EDEFE6D6', N'A40797C6-0DDA-4A23-B104-43607D6A69B9', N'请假', N'0', N'a', N'2018-01-05 20:02:44.227', null, N'<?xml version="1.0" encoding="utf-8"?>
<Process>
    <ProcessID>A7F1FF45-0711-492C-AE29-9854FC048DB5</ProcessID>
    <Title>请假申请</Title>
    <Author>admin</Author>
    <CodeType>CS</CodeType>
    <!--<loglevel>2</loglevel>-->
    <!--<Startobject>Startevent_0001</Startobject>-->
    <Version>1</Version>
    <Created>2017-12-19T14:48:00</Created>
    <Release>1</Release>
    <!--0未发布，1已发布-->
    <!--<Isbpmn2></Isbpmn2>-->
    <!--是否bpmn2格式显示，0否，1是-->
    <!--流程图元素-->
    <Flows>
        <Sequences>
            <!--<Sequence ID="sequence_0001" Source="0001" Target="0008" />
            <Sequence ID="sequence_0002" Source="0008" Target="0006" />
            <Sequence ID="sequence_0004" Name="no" Source="0006" Target="0002">
                <Express>&amp;IsLeader==1</Express>
            </Sequence>
            <Sequence ID="sequence_0005" Name="no" Source="0006" Target="0003">
                <Express>&amp;IsLeader==0</Express>
            </Sequence>
            <Sequence ID="sequence_0006" Source="0002" Target="0007" />
            <Sequence ID="sequence_0007" Source="0003" Target="0007" />
            <Sequence ID="sequence_0008" Source="0007" Target="0009" />-->
          
            <Sequence ID="sequence_0006" Source="0001" Target="0008" />
            <Sequence ID="sequence_0007" Source="0008" Target="0002" />
            <Sequence ID="sequence_0008" Source="0002" Target="0003" />
            <Sequence ID="sequence_0009" Source="0003" Target="0004" />
            <Sequence ID="sequence_0010" Source="0004" Target="0005" />
        </Sequences>
        <Steps>
            <StartEvent ID="0001" />
            <StartEvent ID="0005">
                <type>Timer</type>
                <Define>20171224</Define>
            </StartEvent>
            <EndEvent ID="0009"/>
            <UserTask ID="0008" Name="申请人填写入境申请表单">
                <TaskTitle>''请填写：''+&amp;Title</TaskTitle>
                <TaskPage>7CF512D2-A62A-4C9F-A5CE-84898B8781AD</TaskPage>
                <Candidates type="User">a</Candidates>
            </UserTask>
            <UserTask ID="0002" Name="部门经理审批">
                <TaskTitle>''请审批：''+&amp;Title</TaskTitle>
                <TaskPage>27660889-5B1B-4EB4-AB8D-628A97779C89</TaskPage>
                <Candidates type="User">b</Candidates>
            </UserTask>
            <UserTask ID="0003" Name="总经理审批">
                <TaskTitle>''请审批：''+&amp;Title</TaskTitle>
                <TaskPage>FA771087-632B-4DED-B99D-5DAB949435D9</TaskPage>
                <Candidates type="User">c</Candidates>
            </UserTask>
            <UserTask ID="0004" Name="申请人确认">
                <TaskTitle>''请确认：''+&amp;Title</TaskTitle>
                <TaskPage>DBB9B148-0E1C-4E7C-B709-D4B05CA253C9</TaskPage>
                <Candidates type="User">a</Candidates>
            </UserTask>
            <ExclusiveGateway ID="0006"/>
            <ExclusiveGateway ID="0007" />
        </Steps>
        <Graph></Graph>
    </Flows>
    <!--活动/事件-->
    <Pages>
        <!--表单页面-->
        <Page ID="0041" Name="2">
            <Type>3</Type>
            <Url>4</Url>
            <Fields>
              <Field></Field>
            </Fields>
            <Content>6</Content>
            <OnCreate>7</OnCreate>
            <OnSubmit>8</OnSubmit>
            <Methods>9</Methods>
        </Page>
    </Pages>
    <!--表单页面-->
    <Params>
        <!--流程变量定义-->
        <Param Name="&amp;Leader">
          <Type>string</Type>
          <IsArray>1</IsArray>
          <Value>0</Value>
          <GroupName>0</GroupName>
        </Param>
        <Param Name="&amp;Applicant">
          <Type>string</Type>
          <IsArray>1</IsArray>
          <Value>0</Value>
          <GroupName>0</GroupName>
        </Param>
        <Param Name="&amp;Manager">
          <Type>string</Type>
          <IsArray>1</IsArray>
          <Value>0</Value>
          <GroupName>0</GroupName>
        </Param>
        <Param Name="&amp;IsLeader">
            <Type>string</Type>
            <IsArray>1</IsArray>
            <Value>0</Value>
            <GroupName>0</GroupName>
        </Param>
        <Param Name="&amp;Title">
            <Type>string</Type>
            <IsArray>0</IsArray>
            <Value>请审批</Value>
            <GroupName>0</GroupName>
        </Param>
    </Params>
    <!--流程变量定义-->
</Process>')
GO
GO
INSERT INTO [dbo].[RtInstance] ([InstanceGuid], [RepoGuid], [InstanceTitle], [InstanceStatus], [Originator], [StartTime], [EndTime], [ProcessXml]) VALUES (N'C332FCEF-DE2F-445E-81E5-337CC1047421', N'A40797C6-0DDA-4A23-B104-43607D6A69B9', N'请假', N'0', N'a', N'2018-01-05 20:14:29.483', null, N'<?xml version="1.0" encoding="utf-8"?>
<Process>
    <ProcessID>A7F1FF45-0711-492C-AE29-9854FC048DB5</ProcessID>
    <Title>请假申请</Title>
    <Author>admin</Author>
    <CodeType>CS</CodeType>
    <!--<loglevel>2</loglevel>-->
    <!--<Startobject>Startevent_0001</Startobject>-->
    <Version>1</Version>
    <Created>2017-12-19T14:48:00</Created>
    <Release>1</Release>
    <!--0未发布，1已发布-->
    <!--<Isbpmn2></Isbpmn2>-->
    <!--是否bpmn2格式显示，0否，1是-->
    <!--流程图元素-->
    <Flows>
        <Sequences>
            <!--<Sequence ID="sequence_0001" Source="0001" Target="0008" />
            <Sequence ID="sequence_0002" Source="0008" Target="0006" />
            <Sequence ID="sequence_0004" Name="no" Source="0006" Target="0002">
                <Express>&amp;IsLeader==1</Express>
            </Sequence>
            <Sequence ID="sequence_0005" Name="no" Source="0006" Target="0003">
                <Express>&amp;IsLeader==0</Express>
            </Sequence>
            <Sequence ID="sequence_0006" Source="0002" Target="0007" />
            <Sequence ID="sequence_0007" Source="0003" Target="0007" />
            <Sequence ID="sequence_0008" Source="0007" Target="0009" />-->
          
            <Sequence ID="sequence_0006" Source="0001" Target="0008" />
            <Sequence ID="sequence_0007" Source="0008" Target="0002" />
            <Sequence ID="sequence_0008" Source="0002" Target="0003" />
            <Sequence ID="sequence_0009" Source="0003" Target="0004" />
            <Sequence ID="sequence_0010" Source="0004" Target="0005" />
        </Sequences>
        <Steps>
            <StartEvent ID="0001" />
            <StartEvent ID="0005">
                <type>Timer</type>
                <Define>20171224</Define>
            </StartEvent>
            <EndEvent ID="0009"/>
            <UserTask ID="0008" Name="申请人填写入境申请表单">
                <TaskTitle>''请填写：''+&amp;Title</TaskTitle>
                <TaskPage>7CF512D2-A62A-4C9F-A5CE-84898B8781AD</TaskPage>
                <Candidates type="User">a</Candidates>
            </UserTask>
            <UserTask ID="0002" Name="部门经理审批">
                <TaskTitle>''请审批：''+&amp;Title</TaskTitle>
                <TaskPage>27660889-5B1B-4EB4-AB8D-628A97779C89</TaskPage>
                <Candidates type="User">b</Candidates>
            </UserTask>
            <UserTask ID="0003" Name="总经理审批">
                <TaskTitle>''请审批：''+&amp;Title</TaskTitle>
                <TaskPage>FA771087-632B-4DED-B99D-5DAB949435D9</TaskPage>
                <Candidates type="User">c</Candidates>
            </UserTask>
            <UserTask ID="0004" Name="申请人确认">
                <TaskTitle>''请确认：''+&amp;Title</TaskTitle>
                <TaskPage>DBB9B148-0E1C-4E7C-B709-D4B05CA253C9</TaskPage>
                <Candidates type="User">a</Candidates>
            </UserTask>
            <ExclusiveGateway ID="0006"/>
            <ExclusiveGateway ID="0007" />
        </Steps>
        <Graph></Graph>
    </Flows>
    <!--活动/事件-->
    <Pages>
        <!--表单页面-->
        <Page ID="0041" Name="2">
            <Type>3</Type>
            <Url>4</Url>
            <Fields>
              <Field></Field>
            </Fields>
            <Content>6</Content>
            <OnCreate>7</OnCreate>
            <OnSubmit>8</OnSubmit>
            <Methods>9</Methods>
        </Page>
    </Pages>
    <!--表单页面-->
    <Params>
        <!--流程变量定义-->
        <Param Name="&amp;Leader">
          <Type>string</Type>
          <IsArray>1</IsArray>
          <Value>0</Value>
          <GroupName>0</GroupName>
        </Param>
        <Param Name="&amp;Applicant">
          <Type>string</Type>
          <IsArray>1</IsArray>
          <Value>0</Value>
          <GroupName>0</GroupName>
        </Param>
        <Param Name="&amp;Manager">
          <Type>string</Type>
          <IsArray>1</IsArray>
          <Value>0</Value>
          <GroupName>0</GroupName>
        </Param>
        <Param Name="&amp;IsLeader">
            <Type>string</Type>
            <IsArray>1</IsArray>
            <Value>0</Value>
            <GroupName>0</GroupName>
        </Param>
        <Param Name="&amp;Title">
            <Type>string</Type>
            <IsArray>0</IsArray>
            <Value>请审批</Value>
            <GroupName>0</GroupName>
        </Param>
    </Params>
    <!--流程变量定义-->
</Process>')
GO
GO
INSERT INTO [dbo].[RtInstance] ([InstanceGuid], [RepoGuid], [InstanceTitle], [InstanceStatus], [Originator], [StartTime], [EndTime], [ProcessXml]) VALUES (N'4696AF64-49A3-481C-9C39-3DFCB051F96D', N'A40797C6-0DDA-4A23-B104-43607D6A69B9', N'请假', N'0', N'a', N'2018-01-05 20:09:05.443', null, N'<?xml version="1.0" encoding="utf-8"?>
<Process>
    <ProcessID>A7F1FF45-0711-492C-AE29-9854FC048DB5</ProcessID>
    <Title>请假申请</Title>
    <Author>admin</Author>
    <CodeType>CS</CodeType>
    <!--<loglevel>2</loglevel>-->
    <!--<Startobject>Startevent_0001</Startobject>-->
    <Version>1</Version>
    <Created>2017-12-19T14:48:00</Created>
    <Release>1</Release>
    <!--0未发布，1已发布-->
    <!--<Isbpmn2></Isbpmn2>-->
    <!--是否bpmn2格式显示，0否，1是-->
    <!--流程图元素-->
    <Flows>
        <Sequences>
            <!--<Sequence ID="sequence_0001" Source="0001" Target="0008" />
            <Sequence ID="sequence_0002" Source="0008" Target="0006" />
            <Sequence ID="sequence_0004" Name="no" Source="0006" Target="0002">
                <Express>&amp;IsLeader==1</Express>
            </Sequence>
            <Sequence ID="sequence_0005" Name="no" Source="0006" Target="0003">
                <Express>&amp;IsLeader==0</Express>
            </Sequence>
            <Sequence ID="sequence_0006" Source="0002" Target="0007" />
            <Sequence ID="sequence_0007" Source="0003" Target="0007" />
            <Sequence ID="sequence_0008" Source="0007" Target="0009" />-->
          
            <Sequence ID="sequence_0006" Source="0001" Target="0008" />
            <Sequence ID="sequence_0007" Source="0008" Target="0002" />
            <Sequence ID="sequence_0008" Source="0002" Target="0003" />
            <Sequence ID="sequence_0009" Source="0003" Target="0004" />
            <Sequence ID="sequence_0010" Source="0004" Target="0005" />
        </Sequences>
        <Steps>
            <StartEvent ID="0001" />
            <StartEvent ID="0005">
                <type>Timer</type>
                <Define>20171224</Define>
            </StartEvent>
            <EndEvent ID="0009"/>
            <UserTask ID="0008" Name="申请人填写入境申请表单">
                <TaskTitle>''请填写：''+&amp;Title</TaskTitle>
                <TaskPage>7CF512D2-A62A-4C9F-A5CE-84898B8781AD</TaskPage>
                <Candidates type="User">a</Candidates>
            </UserTask>
            <UserTask ID="0002" Name="部门经理审批">
                <TaskTitle>''请审批：''+&amp;Title</TaskTitle>
                <TaskPage>27660889-5B1B-4EB4-AB8D-628A97779C89</TaskPage>
                <Candidates type="User">b</Candidates>
            </UserTask>
            <UserTask ID="0003" Name="总经理审批">
                <TaskTitle>''请审批：''+&amp;Title</TaskTitle>
                <TaskPage>FA771087-632B-4DED-B99D-5DAB949435D9</TaskPage>
                <Candidates type="User">c</Candidates>
            </UserTask>
            <UserTask ID="0004" Name="申请人确认">
                <TaskTitle>''请确认：''+&amp;Title</TaskTitle>
                <TaskPage>DBB9B148-0E1C-4E7C-B709-D4B05CA253C9</TaskPage>
                <Candidates type="User">a</Candidates>
            </UserTask>
            <ExclusiveGateway ID="0006"/>
            <ExclusiveGateway ID="0007" />
        </Steps>
        <Graph></Graph>
    </Flows>
    <!--活动/事件-->
    <Pages>
        <!--表单页面-->
        <Page ID="0041" Name="2">
            <Type>3</Type>
            <Url>4</Url>
            <Fields>
              <Field></Field>
            </Fields>
            <Content>6</Content>
            <OnCreate>7</OnCreate>
            <OnSubmit>8</OnSubmit>
            <Methods>9</Methods>
        </Page>
    </Pages>
    <!--表单页面-->
    <Params>
        <!--流程变量定义-->
        <Param Name="&amp;Leader">
          <Type>string</Type>
          <IsArray>1</IsArray>
          <Value>0</Value>
          <GroupName>0</GroupName>
        </Param>
        <Param Name="&amp;Applicant">
          <Type>string</Type>
          <IsArray>1</IsArray>
          <Value>0</Value>
          <GroupName>0</GroupName>
        </Param>
        <Param Name="&amp;Manager">
          <Type>string</Type>
          <IsArray>1</IsArray>
          <Value>0</Value>
          <GroupName>0</GroupName>
        </Param>
        <Param Name="&amp;IsLeader">
            <Type>string</Type>
            <IsArray>1</IsArray>
            <Value>0</Value>
            <GroupName>0</GroupName>
        </Param>
        <Param Name="&amp;Title">
            <Type>string</Type>
            <IsArray>0</IsArray>
            <Value>请审批</Value>
            <GroupName>0</GroupName>
        </Param>
    </Params>
    <!--流程变量定义-->
</Process>')
GO
GO
INSERT INTO [dbo].[RtInstance] ([InstanceGuid], [RepoGuid], [InstanceTitle], [InstanceStatus], [Originator], [StartTime], [EndTime], [ProcessXml]) VALUES (N'3E480485-6B18-4803-8BDE-47FE629C9D95', N'A40797C6-0DDA-4A23-B104-43607D6A69B9', N'请假', N'0', N'a', N'2018-01-05 17:41:16.287', null, N'<?xml version="1.0" encoding="utf-8"?>
<Process>
    <ProcessID>A7F1FF45-0711-492C-AE29-9854FC048DB5</ProcessID>
    <Title>请假申请</Title>
    <Author>admin</Author>
    <CodeType>CS</CodeType>
    <!--<loglevel>2</loglevel>-->
    <!--<Startobject>Startevent_0001</Startobject>-->
    <Version>1</Version>
    <Created>2017-12-19T14:48:00</Created>
    <Release>1</Release>
    <!--0未发布，1已发布-->
    <!--<Isbpmn2></Isbpmn2>-->
    <!--是否bpmn2格式显示，0否，1是-->
    <!--流程图元素-->
    <Flows>
        <Sequences>
            <!--<Sequence ID="sequence_0001" Source="0001" Target="0008" />
            <Sequence ID="sequence_0002" Source="0008" Target="0006" />
            <Sequence ID="sequence_0004" Name="no" Source="0006" Target="0002">
                <Express>&amp;IsLeader==1</Express>
            </Sequence>
            <Sequence ID="sequence_0005" Name="no" Source="0006" Target="0003">
                <Express>&amp;IsLeader==0</Express>
            </Sequence>
            <Sequence ID="sequence_0006" Source="0002" Target="0007" />
            <Sequence ID="sequence_0007" Source="0003" Target="0007" />
            <Sequence ID="sequence_0008" Source="0007" Target="0009" />-->
          
            <Sequence ID="sequence_0006" Source="0001" Target="0008" />
            <Sequence ID="sequence_0007" Source="0008" Target="0002" />
            <Sequence ID="sequence_0008" Source="0002" Target="0003" />
            <Sequence ID="sequence_0009" Source="0003" Target="0004" />
            <Sequence ID="sequence_0010" Source="0004" Target="0005" />
        </Sequences>
        <Steps>
            <StartEvent ID="0001" />
            <StartEvent ID="0005">
                <type>Timer</type>
                <Define>20171224</Define>
            </StartEvent>
            <EndEvent ID="0009"/>
            <UserTask ID="0008" Name="申请人填写入境申请表单">
                <TaskTitle>''请填写：''+&amp;Title</TaskTitle>
                <TaskPage>7CF512D2-A62A-4C9F-A5CE-84898B8781AD</TaskPage>
                <Candidates type="User">a</Candidates>
            </UserTask>
            <UserTask ID="0002" Name="部门经理审批">
                <TaskTitle>''请审批：''+&amp;Title</TaskTitle>
                <TaskPage>27660889-5B1B-4EB4-AB8D-628A97779C89</TaskPage>
                <Candidates type="User">b</Candidates>
            </UserTask>
            <UserTask ID="0003" Name="总经理审批">
                <TaskTitle>''请审批：''+&amp;Title</TaskTitle>
                <TaskPage>FA771087-632B-4DED-B99D-5DAB949435D9</TaskPage>
                <Candidates type="User">c</Candidates>
            </UserTask>
            <UserTask ID="0004" Name="申请人确认">
                <TaskTitle>''请确认：''+&amp;Title</TaskTitle>
                <TaskPage>DBB9B148-0E1C-4E7C-B709-D4B05CA253C9</TaskPage>
                <Candidates type="User">a</Candidates>
            </UserTask>
            <ExclusiveGateway ID="0006"/>
            <ExclusiveGateway ID="0007" />
        </Steps>
        <Graph></Graph>
    </Flows>
    <!--活动/事件-->
    <Pages>
        <!--表单页面-->
        <Page ID="0041" Name="2">
            <Type>3</Type>
            <Url>4</Url>
            <Fields>
              <Field></Field>
            </Fields>
            <Content>6</Content>
            <OnCreate>7</OnCreate>
            <OnSubmit>8</OnSubmit>
            <Methods>9</Methods>
        </Page>
    </Pages>
    <!--表单页面-->
    <Params>
        <!--流程变量定义-->
        <Param Name="&amp;Leader">
          <Type>string</Type>
          <IsArray>1</IsArray>
          <Value>0</Value>
          <GroupName>0</GroupName>
        </Param>
        <Param Name="&amp;Applicant">
          <Type>string</Type>
          <IsArray>1</IsArray>
          <Value>0</Value>
          <GroupName>0</GroupName>
        </Param>
        <Param Name="&amp;Manager">
          <Type>string</Type>
          <IsArray>1</IsArray>
          <Value>0</Value>
          <GroupName>0</GroupName>
        </Param>
        <Param Name="&amp;IsLeader">
            <Type>string</Type>
            <IsArray>1</IsArray>
            <Value>0</Value>
            <GroupName>0</GroupName>
        </Param>
        <Param Name="&amp;Title">
            <Type>string</Type>
            <IsArray>0</IsArray>
            <Value>请审批</Value>
            <GroupName>0</GroupName>
        </Param>
    </Params>
    <!--流程变量定义-->
</Process>')
GO
GO
INSERT INTO [dbo].[RtInstance] ([InstanceGuid], [RepoGuid], [InstanceTitle], [InstanceStatus], [Originator], [StartTime], [EndTime], [ProcessXml]) VALUES (N'B2E76353-BE39-4CE0-8D31-4C25512B98A1', N'A40797C6-0DDA-4A23-B104-43607D6A69B9', N'请假', N'0', N'a', N'2018-01-05 20:11:59.797', null, N'<?xml version="1.0" encoding="utf-8"?>
<Process>
    <ProcessID>A7F1FF45-0711-492C-AE29-9854FC048DB5</ProcessID>
    <Title>请假申请</Title>
    <Author>admin</Author>
    <CodeType>CS</CodeType>
    <!--<loglevel>2</loglevel>-->
    <!--<Startobject>Startevent_0001</Startobject>-->
    <Version>1</Version>
    <Created>2017-12-19T14:48:00</Created>
    <Release>1</Release>
    <!--0未发布，1已发布-->
    <!--<Isbpmn2></Isbpmn2>-->
    <!--是否bpmn2格式显示，0否，1是-->
    <!--流程图元素-->
    <Flows>
        <Sequences>
            <!--<Sequence ID="sequence_0001" Source="0001" Target="0008" />
            <Sequence ID="sequence_0002" Source="0008" Target="0006" />
            <Sequence ID="sequence_0004" Name="no" Source="0006" Target="0002">
                <Express>&amp;IsLeader==1</Express>
            </Sequence>
            <Sequence ID="sequence_0005" Name="no" Source="0006" Target="0003">
                <Express>&amp;IsLeader==0</Express>
            </Sequence>
            <Sequence ID="sequence_0006" Source="0002" Target="0007" />
            <Sequence ID="sequence_0007" Source="0003" Target="0007" />
            <Sequence ID="sequence_0008" Source="0007" Target="0009" />-->
          
            <Sequence ID="sequence_0006" Source="0001" Target="0008" />
            <Sequence ID="sequence_0007" Source="0008" Target="0002" />
            <Sequence ID="sequence_0008" Source="0002" Target="0003" />
            <Sequence ID="sequence_0009" Source="0003" Target="0004" />
            <Sequence ID="sequence_0010" Source="0004" Target="0005" />
        </Sequences>
        <Steps>
            <StartEvent ID="0001" />
            <StartEvent ID="0005">
                <type>Timer</type>
                <Define>20171224</Define>
            </StartEvent>
            <EndEvent ID="0009"/>
            <UserTask ID="0008" Name="申请人填写入境申请表单">
                <TaskTitle>''请填写：''+&amp;Title</TaskTitle>
                <TaskPage>7CF512D2-A62A-4C9F-A5CE-84898B8781AD</TaskPage>
                <Candidates type="User">a</Candidates>
            </UserTask>
            <UserTask ID="0002" Name="部门经理审批">
                <TaskTitle>''请审批：''+&amp;Title</TaskTitle>
                <TaskPage>27660889-5B1B-4EB4-AB8D-628A97779C89</TaskPage>
                <Candidates type="User">b</Candidates>
            </UserTask>
            <UserTask ID="0003" Name="总经理审批">
                <TaskTitle>''请审批：''+&amp;Title</TaskTitle>
                <TaskPage>FA771087-632B-4DED-B99D-5DAB949435D9</TaskPage>
                <Candidates type="User">c</Candidates>
            </UserTask>
            <UserTask ID="0004" Name="申请人确认">
                <TaskTitle>''请确认：''+&amp;Title</TaskTitle>
                <TaskPage>DBB9B148-0E1C-4E7C-B709-D4B05CA253C9</TaskPage>
                <Candidates type="User">a</Candidates>
            </UserTask>
            <ExclusiveGateway ID="0006"/>
            <ExclusiveGateway ID="0007" />
        </Steps>
        <Graph></Graph>
    </Flows>
    <!--活动/事件-->
    <Pages>
        <!--表单页面-->
        <Page ID="0041" Name="2">
            <Type>3</Type>
            <Url>4</Url>
            <Fields>
              <Field></Field>
            </Fields>
            <Content>6</Content>
            <OnCreate>7</OnCreate>
            <OnSubmit>8</OnSubmit>
            <Methods>9</Methods>
        </Page>
    </Pages>
    <!--表单页面-->
    <Params>
        <!--流程变量定义-->
        <Param Name="&amp;Leader">
          <Type>string</Type>
          <IsArray>1</IsArray>
          <Value>0</Value>
          <GroupName>0</GroupName>
        </Param>
        <Param Name="&amp;Applicant">
          <Type>string</Type>
          <IsArray>1</IsArray>
          <Value>0</Value>
          <GroupName>0</GroupName>
        </Param>
        <Param Name="&amp;Manager">
          <Type>string</Type>
          <IsArray>1</IsArray>
          <Value>0</Value>
          <GroupName>0</GroupName>
        </Param>
        <Param Name="&amp;IsLeader">
            <Type>string</Type>
            <IsArray>1</IsArray>
            <Value>0</Value>
            <GroupName>0</GroupName>
        </Param>
        <Param Name="&amp;Title">
            <Type>string</Type>
            <IsArray>0</IsArray>
            <Value>请审批</Value>
            <GroupName>0</GroupName>
        </Param>
    </Params>
    <!--流程变量定义-->
</Process>')
GO
GO
INSERT INTO [dbo].[RtInstance] ([InstanceGuid], [RepoGuid], [InstanceTitle], [InstanceStatus], [Originator], [StartTime], [EndTime], [ProcessXml]) VALUES (N'B3FDA2F8-E8A9-4FAE-B969-6839818F5D79', N'A40797C6-0DDA-4A23-B104-43607D6A69B9', N'请假', N'0', N'a', N'2018-01-05 17:41:06.417', null, N'<?xml version="1.0" encoding="utf-8"?>
<Process>
    <ProcessID>A7F1FF45-0711-492C-AE29-9854FC048DB5</ProcessID>
    <Title>请假申请</Title>
    <Author>admin</Author>
    <CodeType>CS</CodeType>
    <!--<loglevel>2</loglevel>-->
    <!--<Startobject>Startevent_0001</Startobject>-->
    <Version>1</Version>
    <Created>2017-12-19T14:48:00</Created>
    <Release>1</Release>
    <!--0未发布，1已发布-->
    <!--<Isbpmn2></Isbpmn2>-->
    <!--是否bpmn2格式显示，0否，1是-->
    <!--流程图元素-->
    <Flows>
        <Sequences>
            <!--<Sequence ID="sequence_0001" Source="0001" Target="0008" />
            <Sequence ID="sequence_0002" Source="0008" Target="0006" />
            <Sequence ID="sequence_0004" Name="no" Source="0006" Target="0002">
                <Express>&amp;IsLeader==1</Express>
            </Sequence>
            <Sequence ID="sequence_0005" Name="no" Source="0006" Target="0003">
                <Express>&amp;IsLeader==0</Express>
            </Sequence>
            <Sequence ID="sequence_0006" Source="0002" Target="0007" />
            <Sequence ID="sequence_0007" Source="0003" Target="0007" />
            <Sequence ID="sequence_0008" Source="0007" Target="0009" />-->
          
            <Sequence ID="sequence_0006" Source="0001" Target="0008" />
            <Sequence ID="sequence_0007" Source="0008" Target="0002" />
            <Sequence ID="sequence_0008" Source="0002" Target="0003" />
            <Sequence ID="sequence_0009" Source="0003" Target="0004" />
            <Sequence ID="sequence_0010" Source="0004" Target="0005" />
        </Sequences>
        <Steps>
            <StartEvent ID="0001" />
            <StartEvent ID="0005">
                <type>Timer</type>
                <Define>20171224</Define>
            </StartEvent>
            <EndEvent ID="0009"/>
            <UserTask ID="0008" Name="申请人填写入境申请表单">
                <TaskTitle>''请填写：''+&amp;Title</TaskTitle>
                <TaskPage>7CF512D2-A62A-4C9F-A5CE-84898B8781AD</TaskPage>
                <Candidates type="User">a</Candidates>
            </UserTask>
            <UserTask ID="0002" Name="部门经理审批">
                <TaskTitle>''请审批：''+&amp;Title</TaskTitle>
                <TaskPage>27660889-5B1B-4EB4-AB8D-628A97779C89</TaskPage>
                <Candidates type="User">b</Candidates>
            </UserTask>
            <UserTask ID="0003" Name="总经理审批">
                <TaskTitle>''请审批：''+&amp;Title</TaskTitle>
                <TaskPage>FA771087-632B-4DED-B99D-5DAB949435D9</TaskPage>
                <Candidates type="User">c</Candidates>
            </UserTask>
            <UserTask ID="0004" Name="申请人确认">
                <TaskTitle>''请确认：''+&amp;Title</TaskTitle>
                <TaskPage>DBB9B148-0E1C-4E7C-B709-D4B05CA253C9</TaskPage>
                <Candidates type="User">a</Candidates>
            </UserTask>
            <ExclusiveGateway ID="0006"/>
            <ExclusiveGateway ID="0007" />
        </Steps>
        <Graph></Graph>
    </Flows>
    <!--活动/事件-->
    <Pages>
        <!--表单页面-->
        <Page ID="0041" Name="2">
            <Type>3</Type>
            <Url>4</Url>
            <Fields>
              <Field></Field>
            </Fields>
            <Content>6</Content>
            <OnCreate>7</OnCreate>
            <OnSubmit>8</OnSubmit>
            <Methods>9</Methods>
        </Page>
    </Pages>
    <!--表单页面-->
    <Params>
        <!--流程变量定义-->
        <Param Name="&amp;Leader">
          <Type>string</Type>
          <IsArray>1</IsArray>
          <Value>0</Value>
          <GroupName>0</GroupName>
        </Param>
        <Param Name="&amp;Applicant">
          <Type>string</Type>
          <IsArray>1</IsArray>
          <Value>0</Value>
          <GroupName>0</GroupName>
        </Param>
        <Param Name="&amp;Manager">
          <Type>string</Type>
          <IsArray>1</IsArray>
          <Value>0</Value>
          <GroupName>0</GroupName>
        </Param>
        <Param Name="&amp;IsLeader">
            <Type>string</Type>
            <IsArray>1</IsArray>
            <Value>0</Value>
            <GroupName>0</GroupName>
        </Param>
        <Param Name="&amp;Title">
            <Type>string</Type>
            <IsArray>0</IsArray>
            <Value>请审批</Value>
            <GroupName>0</GroupName>
        </Param>
    </Params>
    <!--流程变量定义-->
</Process>')
GO
GO
INSERT INTO [dbo].[RtInstance] ([InstanceGuid], [RepoGuid], [InstanceTitle], [InstanceStatus], [Originator], [StartTime], [EndTime], [ProcessXml]) VALUES (N'6D81A4E2-2F0F-4DFD-B9CB-70D811807908', N'A40797C6-0DDA-4A23-B104-43607D6A69B9', N'请假', N'0', N'a', N'2018-01-05 20:22:46.497', null, N'<?xml version="1.0" encoding="utf-8"?>
<Process>
    <ProcessID>A7F1FF45-0711-492C-AE29-9854FC048DB5</ProcessID>
    <Title>请假申请</Title>
    <Author>admin</Author>
    <CodeType>CS</CodeType>
    <!--<loglevel>2</loglevel>-->
    <!--<Startobject>Startevent_0001</Startobject>-->
    <Version>1</Version>
    <Created>2017-12-19T14:48:00</Created>
    <Release>1</Release>
    <!--0未发布，1已发布-->
    <!--<Isbpmn2></Isbpmn2>-->
    <!--是否bpmn2格式显示，0否，1是-->
    <!--流程图元素-->
    <Flows>
        <Sequences>
            <!--<Sequence ID="sequence_0001" Source="0001" Target="0008" />
            <Sequence ID="sequence_0002" Source="0008" Target="0006" />
            <Sequence ID="sequence_0004" Name="no" Source="0006" Target="0002">
                <Express>&amp;IsLeader==1</Express>
            </Sequence>
            <Sequence ID="sequence_0005" Name="no" Source="0006" Target="0003">
                <Express>&amp;IsLeader==0</Express>
            </Sequence>
            <Sequence ID="sequence_0006" Source="0002" Target="0007" />
            <Sequence ID="sequence_0007" Source="0003" Target="0007" />
            <Sequence ID="sequence_0008" Source="0007" Target="0009" />-->
          
            <Sequence ID="sequence_0006" Source="0001" Target="0008" />
            <Sequence ID="sequence_0007" Source="0008" Target="0002" />
            <Sequence ID="sequence_0008" Source="0002" Target="0003" />
            <Sequence ID="sequence_0009" Source="0003" Target="0004" />
            <Sequence ID="sequence_0010" Source="0004" Target="0005" />
        </Sequences>
        <Steps>
            <StartEvent ID="0001" />
            <StartEvent ID="0005">
                <type>Timer</type>
                <Define>20171224</Define>
            </StartEvent>
            <EndEvent ID="0009"/>
            <UserTask ID="0008" Name="申请人填写入境申请表单">
                <TaskTitle>''请填写：''+&amp;Title</TaskTitle>
                <TaskPage>7CF512D2-A62A-4C9F-A5CE-84898B8781AD</TaskPage>
                <Candidates type="User">a</Candidates>
            </UserTask>
            <UserTask ID="0002" Name="部门经理审批">
                <TaskTitle>''请审批：''+&amp;Title</TaskTitle>
                <TaskPage>27660889-5B1B-4EB4-AB8D-628A97779C89</TaskPage>
                <Candidates type="User">b</Candidates>
            </UserTask>
            <UserTask ID="0003" Name="总经理审批">
                <TaskTitle>''请审批：''+&amp;Title</TaskTitle>
                <TaskPage>FA771087-632B-4DED-B99D-5DAB949435D9</TaskPage>
                <Candidates type="User">c</Candidates>
            </UserTask>
            <UserTask ID="0004" Name="申请人确认">
                <TaskTitle>''请确认：''+&amp;Title</TaskTitle>
                <TaskPage>DBB9B148-0E1C-4E7C-B709-D4B05CA253C9</TaskPage>
                <Candidates type="User">a</Candidates>
            </UserTask>
            <ExclusiveGateway ID="0006"/>
            <ExclusiveGateway ID="0007" />
        </Steps>
        <Graph></Graph>
    </Flows>
    <!--活动/事件-->
    <Pages>
        <!--表单页面-->
        <Page ID="0041" Name="2">
            <Type>3</Type>
            <Url>4</Url>
            <Fields>
              <Field></Field>
            </Fields>
            <Content>6</Content>
            <OnCreate>7</OnCreate>
            <OnSubmit>8</OnSubmit>
            <Methods>9</Methods>
        </Page>
    </Pages>
    <!--表单页面-->
    <Params>
        <!--流程变量定义-->
        <Param Name="&amp;Leader">
          <Type>string</Type>
          <IsArray>1</IsArray>
          <Value>0</Value>
          <GroupName>0</GroupName>
        </Param>
        <Param Name="&amp;Applicant">
          <Type>string</Type>
          <IsArray>1</IsArray>
          <Value>0</Value>
          <GroupName>0</GroupName>
        </Param>
        <Param Name="&amp;Manager">
          <Type>string</Type>
          <IsArray>1</IsArray>
          <Value>0</Value>
          <GroupName>0</GroupName>
        </Param>
        <Param Name="&amp;IsLeader">
            <Type>string</Type>
            <IsArray>1</IsArray>
            <Value>0</Value>
            <GroupName>0</GroupName>
        </Param>
        <Param Name="&amp;Title">
            <Type>string</Type>
            <IsArray>0</IsArray>
            <Value>请审批</Value>
            <GroupName>0</GroupName>
        </Param>
    </Params>
    <!--流程变量定义-->
</Process>')
GO
GO
INSERT INTO [dbo].[RtInstance] ([InstanceGuid], [RepoGuid], [InstanceTitle], [InstanceStatus], [Originator], [StartTime], [EndTime], [ProcessXml]) VALUES (N'2D476308-DF16-490B-929F-89465CAA013F', N'A40797C6-0DDA-4A23-B104-43607D6A69B9', N'请假', N'0', N'a', N'2018-01-05 19:03:29.993', null, N'<?xml version="1.0" encoding="utf-8"?>
<Process>
    <ProcessID>A7F1FF45-0711-492C-AE29-9854FC048DB5</ProcessID>
    <Title>请假申请</Title>
    <Author>admin</Author>
    <CodeType>CS</CodeType>
    <!--<loglevel>2</loglevel>-->
    <!--<Startobject>Startevent_0001</Startobject>-->
    <Version>1</Version>
    <Created>2017-12-19T14:48:00</Created>
    <Release>1</Release>
    <!--0未发布，1已发布-->
    <!--<Isbpmn2></Isbpmn2>-->
    <!--是否bpmn2格式显示，0否，1是-->
    <!--流程图元素-->
    <Flows>
        <Sequences>
            <!--<Sequence ID="sequence_0001" Source="0001" Target="0008" />
            <Sequence ID="sequence_0002" Source="0008" Target="0006" />
            <Sequence ID="sequence_0004" Name="no" Source="0006" Target="0002">
                <Express>&amp;IsLeader==1</Express>
            </Sequence>
            <Sequence ID="sequence_0005" Name="no" Source="0006" Target="0003">
                <Express>&amp;IsLeader==0</Express>
            </Sequence>
            <Sequence ID="sequence_0006" Source="0002" Target="0007" />
            <Sequence ID="sequence_0007" Source="0003" Target="0007" />
            <Sequence ID="sequence_0008" Source="0007" Target="0009" />-->
          
            <Sequence ID="sequence_0006" Source="0001" Target="0008" />
            <Sequence ID="sequence_0007" Source="0008" Target="0002" />
            <Sequence ID="sequence_0008" Source="0002" Target="0003" />
            <Sequence ID="sequence_0009" Source="0003" Target="0004" />
            <Sequence ID="sequence_0010" Source="0004" Target="0005" />
        </Sequences>
        <Steps>
            <StartEvent ID="0001" />
            <StartEvent ID="0005">
                <type>Timer</type>
                <Define>20171224</Define>
            </StartEvent>
            <EndEvent ID="0009"/>
            <UserTask ID="0008" Name="申请人填写入境申请表单">
                <TaskTitle>''请填写：''+&amp;Title</TaskTitle>
                <TaskPage>7CF512D2-A62A-4C9F-A5CE-84898B8781AD</TaskPage>
                <Candidates type="User">a</Candidates>
            </UserTask>
            <UserTask ID="0002" Name="部门经理审批">
                <TaskTitle>''请审批：''+&amp;Title</TaskTitle>
                <TaskPage>27660889-5B1B-4EB4-AB8D-628A97779C89</TaskPage>
                <Candidates type="User">b</Candidates>
            </UserTask>
            <UserTask ID="0003" Name="总经理审批">
                <TaskTitle>''请审批：''+&amp;Title</TaskTitle>
                <TaskPage>FA771087-632B-4DED-B99D-5DAB949435D9</TaskPage>
                <Candidates type="User">c</Candidates>
            </UserTask>
            <UserTask ID="0004" Name="申请人确认">
                <TaskTitle>''请确认：''+&amp;Title</TaskTitle>
                <TaskPage>DBB9B148-0E1C-4E7C-B709-D4B05CA253C9</TaskPage>
                <Candidates type="User">a</Candidates>
            </UserTask>
            <ExclusiveGateway ID="0006"/>
            <ExclusiveGateway ID="0007" />
        </Steps>
        <Graph></Graph>
    </Flows>
    <!--活动/事件-->
    <Pages>
        <!--表单页面-->
        <Page ID="0041" Name="2">
            <Type>3</Type>
            <Url>4</Url>
            <Fields>
              <Field></Field>
            </Fields>
            <Content>6</Content>
            <OnCreate>7</OnCreate>
            <OnSubmit>8</OnSubmit>
            <Methods>9</Methods>
        </Page>
    </Pages>
    <!--表单页面-->
    <Params>
        <!--流程变量定义-->
        <Param Name="&amp;Leader">
          <Type>string</Type>
          <IsArray>1</IsArray>
          <Value>0</Value>
          <GroupName>0</GroupName>
        </Param>
        <Param Name="&amp;Applicant">
          <Type>string</Type>
          <IsArray>1</IsArray>
          <Value>0</Value>
          <GroupName>0</GroupName>
        </Param>
        <Param Name="&amp;Manager">
          <Type>string</Type>
          <IsArray>1</IsArray>
          <Value>0</Value>
          <GroupName>0</GroupName>
        </Param>
        <Param Name="&amp;IsLeader">
            <Type>string</Type>
            <IsArray>1</IsArray>
            <Value>0</Value>
            <GroupName>0</GroupName>
        </Param>
        <Param Name="&amp;Title">
            <Type>string</Type>
            <IsArray>0</IsArray>
            <Value>请审批</Value>
            <GroupName>0</GroupName>
        </Param>
    </Params>
    <!--流程变量定义-->
</Process>')
GO
GO
INSERT INTO [dbo].[RtInstance] ([InstanceGuid], [RepoGuid], [InstanceTitle], [InstanceStatus], [Originator], [StartTime], [EndTime], [ProcessXml]) VALUES (N'759F54DE-5154-4193-8238-DF93951EB650', N'A40797C6-0DDA-4A23-B104-43607D6A69B9', N'请假', N'0', N'a', N'2018-01-05 20:10:17.317', null, N'<?xml version="1.0" encoding="utf-8"?>
<Process>
    <ProcessID>A7F1FF45-0711-492C-AE29-9854FC048DB5</ProcessID>
    <Title>请假申请</Title>
    <Author>admin</Author>
    <CodeType>CS</CodeType>
    <!--<loglevel>2</loglevel>-->
    <!--<Startobject>Startevent_0001</Startobject>-->
    <Version>1</Version>
    <Created>2017-12-19T14:48:00</Created>
    <Release>1</Release>
    <!--0未发布，1已发布-->
    <!--<Isbpmn2></Isbpmn2>-->
    <!--是否bpmn2格式显示，0否，1是-->
    <!--流程图元素-->
    <Flows>
        <Sequences>
            <!--<Sequence ID="sequence_0001" Source="0001" Target="0008" />
            <Sequence ID="sequence_0002" Source="0008" Target="0006" />
            <Sequence ID="sequence_0004" Name="no" Source="0006" Target="0002">
                <Express>&amp;IsLeader==1</Express>
            </Sequence>
            <Sequence ID="sequence_0005" Name="no" Source="0006" Target="0003">
                <Express>&amp;IsLeader==0</Express>
            </Sequence>
            <Sequence ID="sequence_0006" Source="0002" Target="0007" />
            <Sequence ID="sequence_0007" Source="0003" Target="0007" />
            <Sequence ID="sequence_0008" Source="0007" Target="0009" />-->
          
            <Sequence ID="sequence_0006" Source="0001" Target="0008" />
            <Sequence ID="sequence_0007" Source="0008" Target="0002" />
            <Sequence ID="sequence_0008" Source="0002" Target="0003" />
            <Sequence ID="sequence_0009" Source="0003" Target="0004" />
            <Sequence ID="sequence_0010" Source="0004" Target="0005" />
        </Sequences>
        <Steps>
            <StartEvent ID="0001" />
            <StartEvent ID="0005">
                <type>Timer</type>
                <Define>20171224</Define>
            </StartEvent>
            <EndEvent ID="0009"/>
            <UserTask ID="0008" Name="申请人填写入境申请表单">
                <TaskTitle>''请填写：''+&amp;Title</TaskTitle>
                <TaskPage>7CF512D2-A62A-4C9F-A5CE-84898B8781AD</TaskPage>
                <Candidates type="User">a</Candidates>
            </UserTask>
            <UserTask ID="0002" Name="部门经理审批">
                <TaskTitle>''请审批：''+&amp;Title</TaskTitle>
                <TaskPage>27660889-5B1B-4EB4-AB8D-628A97779C89</TaskPage>
                <Candidates type="User">b</Candidates>
            </UserTask>
            <UserTask ID="0003" Name="总经理审批">
                <TaskTitle>''请审批：''+&amp;Title</TaskTitle>
                <TaskPage>FA771087-632B-4DED-B99D-5DAB949435D9</TaskPage>
                <Candidates type="User">c</Candidates>
            </UserTask>
            <UserTask ID="0004" Name="申请人确认">
                <TaskTitle>''请确认：''+&amp;Title</TaskTitle>
                <TaskPage>DBB9B148-0E1C-4E7C-B709-D4B05CA253C9</TaskPage>
                <Candidates type="User">a</Candidates>
            </UserTask>
            <ExclusiveGateway ID="0006"/>
            <ExclusiveGateway ID="0007" />
        </Steps>
        <Graph></Graph>
    </Flows>
    <!--活动/事件-->
    <Pages>
        <!--表单页面-->
        <Page ID="0041" Name="2">
            <Type>3</Type>
            <Url>4</Url>
            <Fields>
              <Field></Field>
            </Fields>
            <Content>6</Content>
            <OnCreate>7</OnCreate>
            <OnSubmit>8</OnSubmit>
            <Methods>9</Methods>
        </Page>
    </Pages>
    <!--表单页面-->
    <Params>
        <!--流程变量定义-->
        <Param Name="&amp;Leader">
          <Type>string</Type>
          <IsArray>1</IsArray>
          <Value>0</Value>
          <GroupName>0</GroupName>
        </Param>
        <Param Name="&amp;Applicant">
          <Type>string</Type>
          <IsArray>1</IsArray>
          <Value>0</Value>
          <GroupName>0</GroupName>
        </Param>
        <Param Name="&amp;Manager">
          <Type>string</Type>
          <IsArray>1</IsArray>
          <Value>0</Value>
          <GroupName>0</GroupName>
        </Param>
        <Param Name="&amp;IsLeader">
            <Type>string</Type>
            <IsArray>1</IsArray>
            <Value>0</Value>
            <GroupName>0</GroupName>
        </Param>
        <Param Name="&amp;Title">
            <Type>string</Type>
            <IsArray>0</IsArray>
            <Value>请审批</Value>
            <GroupName>0</GroupName>
        </Param>
    </Params>
    <!--流程变量定义-->
</Process>')
GO
GO
INSERT INTO [dbo].[RtInstance] ([InstanceGuid], [RepoGuid], [InstanceTitle], [InstanceStatus], [Originator], [StartTime], [EndTime], [ProcessXml]) VALUES (N'A3204CCB-4D2A-4B09-9A7A-F0F91A5EF0DB', N'A40797C6-0DDA-4A23-B104-43607D6A69B9', N'请假', N'0', N'a', N'2018-01-05 20:01:56.487', null, N'<?xml version="1.0" encoding="utf-8"?>
<Process>
    <ProcessID>A7F1FF45-0711-492C-AE29-9854FC048DB5</ProcessID>
    <Title>请假申请</Title>
    <Author>admin</Author>
    <CodeType>CS</CodeType>
    <!--<loglevel>2</loglevel>-->
    <!--<Startobject>Startevent_0001</Startobject>-->
    <Version>1</Version>
    <Created>2017-12-19T14:48:00</Created>
    <Release>1</Release>
    <!--0未发布，1已发布-->
    <!--<Isbpmn2></Isbpmn2>-->
    <!--是否bpmn2格式显示，0否，1是-->
    <!--流程图元素-->
    <Flows>
        <Sequences>
            <!--<Sequence ID="sequence_0001" Source="0001" Target="0008" />
            <Sequence ID="sequence_0002" Source="0008" Target="0006" />
            <Sequence ID="sequence_0004" Name="no" Source="0006" Target="0002">
                <Express>&amp;IsLeader==1</Express>
            </Sequence>
            <Sequence ID="sequence_0005" Name="no" Source="0006" Target="0003">
                <Express>&amp;IsLeader==0</Express>
            </Sequence>
            <Sequence ID="sequence_0006" Source="0002" Target="0007" />
            <Sequence ID="sequence_0007" Source="0003" Target="0007" />
            <Sequence ID="sequence_0008" Source="0007" Target="0009" />-->
          
            <Sequence ID="sequence_0006" Source="0001" Target="0008" />
            <Sequence ID="sequence_0007" Source="0008" Target="0002" />
            <Sequence ID="sequence_0008" Source="0002" Target="0003" />
            <Sequence ID="sequence_0009" Source="0003" Target="0004" />
            <Sequence ID="sequence_0010" Source="0004" Target="0005" />
        </Sequences>
        <Steps>
            <StartEvent ID="0001" />
            <StartEvent ID="0005">
                <type>Timer</type>
                <Define>20171224</Define>
            </StartEvent>
            <EndEvent ID="0009"/>
            <UserTask ID="0008" Name="申请人填写入境申请表单">
                <TaskTitle>''请填写：''+&amp;Title</TaskTitle>
                <TaskPage>7CF512D2-A62A-4C9F-A5CE-84898B8781AD</TaskPage>
                <Candidates type="User">a</Candidates>
            </UserTask>
            <UserTask ID="0002" Name="部门经理审批">
                <TaskTitle>''请审批：''+&amp;Title</TaskTitle>
                <TaskPage>27660889-5B1B-4EB4-AB8D-628A97779C89</TaskPage>
                <Candidates type="User">b</Candidates>
            </UserTask>
            <UserTask ID="0003" Name="总经理审批">
                <TaskTitle>''请审批：''+&amp;Title</TaskTitle>
                <TaskPage>FA771087-632B-4DED-B99D-5DAB949435D9</TaskPage>
                <Candidates type="User">c</Candidates>
            </UserTask>
            <UserTask ID="0004" Name="申请人确认">
                <TaskTitle>''请确认：''+&amp;Title</TaskTitle>
                <TaskPage>DBB9B148-0E1C-4E7C-B709-D4B05CA253C9</TaskPage>
                <Candidates type="User">a</Candidates>
            </UserTask>
            <ExclusiveGateway ID="0006"/>
            <ExclusiveGateway ID="0007" />
        </Steps>
        <Graph></Graph>
    </Flows>
    <!--活动/事件-->
    <Pages>
        <!--表单页面-->
        <Page ID="0041" Name="2">
            <Type>3</Type>
            <Url>4</Url>
            <Fields>
              <Field></Field>
            </Fields>
            <Content>6</Content>
            <OnCreate>7</OnCreate>
            <OnSubmit>8</OnSubmit>
            <Methods>9</Methods>
        </Page>
    </Pages>
    <!--表单页面-->
    <Params>
        <!--流程变量定义-->
        <Param Name="&amp;Leader">
          <Type>string</Type>
          <IsArray>1</IsArray>
          <Value>0</Value>
          <GroupName>0</GroupName>
        </Param>
        <Param Name="&amp;Applicant">
          <Type>string</Type>
          <IsArray>1</IsArray>
          <Value>0</Value>
          <GroupName>0</GroupName>
        </Param>
        <Param Name="&amp;Manager">
          <Type>string</Type>
          <IsArray>1</IsArray>
          <Value>0</Value>
          <GroupName>0</GroupName>
        </Param>
        <Param Name="&amp;IsLeader">
            <Type>string</Type>
            <IsArray>1</IsArray>
            <Value>0</Value>
            <GroupName>0</GroupName>
        </Param>
        <Param Name="&amp;Title">
            <Type>string</Type>
            <IsArray>0</IsArray>
            <Value>请审批</Value>
            <GroupName>0</GroupName>
        </Param>
    </Params>
    <!--流程变量定义-->
</Process>')
GO
GO

-- ----------------------------
-- Table structure for RtNode
-- ----------------------------
DROP TABLE [dbo].[RtNode]
GO
CREATE TABLE [dbo].[RtNode] (
[ActivityGuid] uniqueidentifier NOT NULL ,
[InstanceGuid] uniqueidentifier NOT NULL ,
[ActivityID] nvarchar(10) NULL ,
[ActivityType] tinyint NOT NULL ,
[RawNodeGuid] uniqueidentifier NULL ,
[Sponsor] uniqueidentifier NULL ,
[PassRate] float(53) NULL ,
[AddSign] tinyint NULL ,
[TokensRequired] int NOT NULL ,
[TokensHad] int NOT NULL ,
[FormGuid] uniqueidentifier NOT NULL ,
[TaskPage] uniqueidentifier NOT NULL ,
[StartTime] datetime NULL ,
[EndTime] datetime NULL 
)


GO

-- ----------------------------
-- Records of RtNode
-- ----------------------------
INSERT INTO [dbo].[RtNode] ([ActivityGuid], [InstanceGuid], [ActivityID], [ActivityType], [RawNodeGuid], [Sponsor], [PassRate], [AddSign], [TokensRequired], [TokensHad], [FormGuid], [TaskPage], [StartTime], [EndTime]) VALUES (N'9710B005-E5FF-4B77-AC7E-049E89D1E546', N'3E480485-6B18-4803-8BDE-47FE629C9D95', N'0002', N'0', null, null, null, null, N'0', N'0', N'00000000-0000-0000-0000-000000000000', N'27660889-5B1B-4EB4-AB8D-628A97779C89', N'2018-01-05 17:42:11.613', null)
GO
GO
INSERT INTO [dbo].[RtNode] ([ActivityGuid], [InstanceGuid], [ActivityID], [ActivityType], [RawNodeGuid], [Sponsor], [PassRate], [AddSign], [TokensRequired], [TokensHad], [FormGuid], [TaskPage], [StartTime], [EndTime]) VALUES (N'433A845C-D9F0-4559-9E17-0569E40F4115', N'C332FCEF-DE2F-445E-81E5-337CC1047421', N'0003', N'0', null, null, null, null, N'0', N'0', N'00000000-0000-0000-0000-000000000000', N'FA771087-632B-4DED-B99D-5DAB949435D9', N'2018-01-05 20:15:50.427', null)
GO
GO
INSERT INTO [dbo].[RtNode] ([ActivityGuid], [InstanceGuid], [ActivityID], [ActivityType], [RawNodeGuid], [Sponsor], [PassRate], [AddSign], [TokensRequired], [TokensHad], [FormGuid], [TaskPage], [StartTime], [EndTime]) VALUES (N'9A4CBCED-590A-4408-8862-18586BC16DB0', N'2D476308-DF16-490B-929F-89465CAA013F', N'0008', N'0', null, null, null, null, N'0', N'0', N'00000000-0000-0000-0000-000000000000', N'7CF512D2-A62A-4C9F-A5CE-84898B8781AD', N'2018-01-05 19:03:30.640', null)
GO
GO
INSERT INTO [dbo].[RtNode] ([ActivityGuid], [InstanceGuid], [ActivityID], [ActivityType], [RawNodeGuid], [Sponsor], [PassRate], [AddSign], [TokensRequired], [TokensHad], [FormGuid], [TaskPage], [StartTime], [EndTime]) VALUES (N'8A3F03A6-DD96-4488-BA5B-2C9A27AE1F21', N'A3204CCB-4D2A-4B09-9A7A-F0F91A5EF0DB', N'0008', N'0', null, null, null, null, N'0', N'0', N'00000000-0000-0000-0000-000000000000', N'7CF512D2-A62A-4C9F-A5CE-84898B8781AD', N'2018-01-05 20:01:56.567', null)
GO
GO
INSERT INTO [dbo].[RtNode] ([ActivityGuid], [InstanceGuid], [ActivityID], [ActivityType], [RawNodeGuid], [Sponsor], [PassRate], [AddSign], [TokensRequired], [TokensHad], [FormGuid], [TaskPage], [StartTime], [EndTime]) VALUES (N'8B2C763F-4FE2-47FA-9B2A-2D38752579A3', N'3E480485-6B18-4803-8BDE-47FE629C9D95', N'0002', N'0', null, null, null, null, N'0', N'0', N'00000000-0000-0000-0000-000000000000', N'27660889-5B1B-4EB4-AB8D-628A97779C89', N'2018-01-05 17:51:53.297', null)
GO
GO
INSERT INTO [dbo].[RtNode] ([ActivityGuid], [InstanceGuid], [ActivityID], [ActivityType], [RawNodeGuid], [Sponsor], [PassRate], [AddSign], [TokensRequired], [TokensHad], [FormGuid], [TaskPage], [StartTime], [EndTime]) VALUES (N'042374D5-F3C2-4043-BA79-4ABB0036193D', N'6D81A4E2-2F0F-4DFD-B9CB-70D811807908', N'0002', N'0', null, null, null, null, N'0', N'0', N'00000000-0000-0000-0000-000000000000', N'27660889-5B1B-4EB4-AB8D-628A97779C89', N'2018-01-05 20:22:58.010', null)
GO
GO
INSERT INTO [dbo].[RtNode] ([ActivityGuid], [InstanceGuid], [ActivityID], [ActivityType], [RawNodeGuid], [Sponsor], [PassRate], [AddSign], [TokensRequired], [TokensHad], [FormGuid], [TaskPage], [StartTime], [EndTime]) VALUES (N'43D00D16-E085-4DEE-B1C1-4DBC2DA6AAE4', N'B3FDA2F8-E8A9-4FAE-B969-6839818F5D79', N'0008', N'0', null, null, null, null, N'0', N'0', N'00000000-0000-0000-0000-000000000000', N'7CF512D2-A62A-4C9F-A5CE-84898B8781AD', N'2018-01-05 17:41:07.197', null)
GO
GO
INSERT INTO [dbo].[RtNode] ([ActivityGuid], [InstanceGuid], [ActivityID], [ActivityType], [RawNodeGuid], [Sponsor], [PassRate], [AddSign], [TokensRequired], [TokensHad], [FormGuid], [TaskPage], [StartTime], [EndTime]) VALUES (N'0A4B4627-A9C2-434C-9A1B-6246CE9ED11A', N'4696AF64-49A3-481C-9C39-3DFCB051F96D', N'0008', N'0', null, null, null, null, N'0', N'0', N'00000000-0000-0000-0000-000000000000', N'7CF512D2-A62A-4C9F-A5CE-84898B8781AD', N'2018-01-05 20:09:05.480', null)
GO
GO
INSERT INTO [dbo].[RtNode] ([ActivityGuid], [InstanceGuid], [ActivityID], [ActivityType], [RawNodeGuid], [Sponsor], [PassRate], [AddSign], [TokensRequired], [TokensHad], [FormGuid], [TaskPage], [StartTime], [EndTime]) VALUES (N'DEE868D1-0476-470A-87F0-64720B61BE2D', N'6D81A4E2-2F0F-4DFD-B9CB-70D811807908', N'0003', N'0', null, null, null, null, N'0', N'0', N'00000000-0000-0000-0000-000000000000', N'FA771087-632B-4DED-B99D-5DAB949435D9', N'2018-01-05 20:23:29.073', null)
GO
GO
INSERT INTO [dbo].[RtNode] ([ActivityGuid], [InstanceGuid], [ActivityID], [ActivityType], [RawNodeGuid], [Sponsor], [PassRate], [AddSign], [TokensRequired], [TokensHad], [FormGuid], [TaskPage], [StartTime], [EndTime]) VALUES (N'9A77B950-29B6-429E-B9E6-6C54BC7F6A50', N'B2E76353-BE39-4CE0-8D31-4C25512B98A1', N'0003', N'0', null, null, null, null, N'0', N'0', N'00000000-0000-0000-0000-000000000000', N'FA771087-632B-4DED-B99D-5DAB949435D9', N'2018-01-05 20:13:04.237', null)
GO
GO
INSERT INTO [dbo].[RtNode] ([ActivityGuid], [InstanceGuid], [ActivityID], [ActivityType], [RawNodeGuid], [Sponsor], [PassRate], [AddSign], [TokensRequired], [TokensHad], [FormGuid], [TaskPage], [StartTime], [EndTime]) VALUES (N'93266648-821F-4388-8079-824EBE0FA64C', N'3E480485-6B18-4803-8BDE-47FE629C9D95', N'0002', N'0', null, null, null, null, N'0', N'0', N'00000000-0000-0000-0000-000000000000', N'27660889-5B1B-4EB4-AB8D-628A97779C89', N'2018-01-05 17:51:12.847', null)
GO
GO
INSERT INTO [dbo].[RtNode] ([ActivityGuid], [InstanceGuid], [ActivityID], [ActivityType], [RawNodeGuid], [Sponsor], [PassRate], [AddSign], [TokensRequired], [TokensHad], [FormGuid], [TaskPage], [StartTime], [EndTime]) VALUES (N'34122871-ACA9-4B80-AD65-870DD41D2A47', N'3E480485-6B18-4803-8BDE-47FE629C9D95', N'0008', N'0', null, null, null, null, N'0', N'0', N'00000000-0000-0000-0000-000000000000', N'7CF512D2-A62A-4C9F-A5CE-84898B8781AD', N'2018-01-05 17:41:16.410', null)
GO
GO
INSERT INTO [dbo].[RtNode] ([ActivityGuid], [InstanceGuid], [ActivityID], [ActivityType], [RawNodeGuid], [Sponsor], [PassRate], [AddSign], [TokensRequired], [TokensHad], [FormGuid], [TaskPage], [StartTime], [EndTime]) VALUES (N'AD8A7F6E-F1A9-45A0-9B52-8869E1DFD4AB', N'6D81A4E2-2F0F-4DFD-B9CB-70D811807908', N'0008', N'0', null, null, null, null, N'0', N'0', N'00000000-0000-0000-0000-000000000000', N'7CF512D2-A62A-4C9F-A5CE-84898B8781AD', N'2018-01-05 20:22:50.257', null)
GO
GO
INSERT INTO [dbo].[RtNode] ([ActivityGuid], [InstanceGuid], [ActivityID], [ActivityType], [RawNodeGuid], [Sponsor], [PassRate], [AddSign], [TokensRequired], [TokensHad], [FormGuid], [TaskPage], [StartTime], [EndTime]) VALUES (N'11A3BD52-3391-4917-BC55-98F1FC80F356', N'C332FCEF-DE2F-445E-81E5-337CC1047421', N'0002', N'0', null, null, null, null, N'0', N'0', N'00000000-0000-0000-0000-000000000000', N'27660889-5B1B-4EB4-AB8D-628A97779C89', N'2018-01-05 20:15:10.477', null)
GO
GO
INSERT INTO [dbo].[RtNode] ([ActivityGuid], [InstanceGuid], [ActivityID], [ActivityType], [RawNodeGuid], [Sponsor], [PassRate], [AddSign], [TokensRequired], [TokensHad], [FormGuid], [TaskPage], [StartTime], [EndTime]) VALUES (N'75CC04BD-9643-44AC-BA5C-A85FAA2F8BBA', N'759F54DE-5154-4193-8238-DF93951EB650', N'0008', N'0', null, null, null, null, N'0', N'0', N'00000000-0000-0000-0000-000000000000', N'7CF512D2-A62A-4C9F-A5CE-84898B8781AD', N'2018-01-05 20:11:17.367', null)
GO
GO
INSERT INTO [dbo].[RtNode] ([ActivityGuid], [InstanceGuid], [ActivityID], [ActivityType], [RawNodeGuid], [Sponsor], [PassRate], [AddSign], [TokensRequired], [TokensHad], [FormGuid], [TaskPage], [StartTime], [EndTime]) VALUES (N'78281824-5052-42F4-A13E-AA404EFCDF05', N'3E480485-6B18-4803-8BDE-47FE629C9D95', N'0002', N'0', null, null, null, null, N'0', N'0', N'00000000-0000-0000-0000-000000000000', N'27660889-5B1B-4EB4-AB8D-628A97779C89', N'2018-01-05 17:52:18.193', null)
GO
GO
INSERT INTO [dbo].[RtNode] ([ActivityGuid], [InstanceGuid], [ActivityID], [ActivityType], [RawNodeGuid], [Sponsor], [PassRate], [AddSign], [TokensRequired], [TokensHad], [FormGuid], [TaskPage], [StartTime], [EndTime]) VALUES (N'0BBF1E9F-074A-4EF8-A51D-AECDA1EE7A70', N'B2E76353-BE39-4CE0-8D31-4C25512B98A1', N'0002', N'0', null, null, null, null, N'0', N'0', N'00000000-0000-0000-0000-000000000000', N'27660889-5B1B-4EB4-AB8D-628A97779C89', N'2018-01-05 20:12:14.587', null)
GO
GO
INSERT INTO [dbo].[RtNode] ([ActivityGuid], [InstanceGuid], [ActivityID], [ActivityType], [RawNodeGuid], [Sponsor], [PassRate], [AddSign], [TokensRequired], [TokensHad], [FormGuid], [TaskPage], [StartTime], [EndTime]) VALUES (N'51BC5399-822D-4866-AC6C-B3B73D508B31', N'127970B7-C95A-4B61-B90F-0A24BD7D7E76', N'0008', N'0', null, null, null, null, N'0', N'0', N'00000000-0000-0000-0000-000000000000', N'7CF512D2-A62A-4C9F-A5CE-84898B8781AD', N'2018-01-05 19:04:55.887', null)
GO
GO
INSERT INTO [dbo].[RtNode] ([ActivityGuid], [InstanceGuid], [ActivityID], [ActivityType], [RawNodeGuid], [Sponsor], [PassRate], [AddSign], [TokensRequired], [TokensHad], [FormGuid], [TaskPage], [StartTime], [EndTime]) VALUES (N'BE77C6B1-EF31-453B-9DBF-C38ADED85C87', N'B2E76353-BE39-4CE0-8D31-4C25512B98A1', N'0008', N'0', null, null, null, null, N'0', N'0', N'00000000-0000-0000-0000-000000000000', N'7CF512D2-A62A-4C9F-A5CE-84898B8781AD', N'2018-01-05 20:12:00.273', null)
GO
GO
INSERT INTO [dbo].[RtNode] ([ActivityGuid], [InstanceGuid], [ActivityID], [ActivityType], [RawNodeGuid], [Sponsor], [PassRate], [AddSign], [TokensRequired], [TokensHad], [FormGuid], [TaskPage], [StartTime], [EndTime]) VALUES (N'20954C90-F1D7-4CD4-B3AA-D756C9AD38DA', N'3E480485-6B18-4803-8BDE-47FE629C9D95', N'0002', N'0', null, null, null, null, N'0', N'0', N'00000000-0000-0000-0000-000000000000', N'27660889-5B1B-4EB4-AB8D-628A97779C89', N'2018-01-05 17:41:58.967', null)
GO
GO
INSERT INTO [dbo].[RtNode] ([ActivityGuid], [InstanceGuid], [ActivityID], [ActivityType], [RawNodeGuid], [Sponsor], [PassRate], [AddSign], [TokensRequired], [TokensHad], [FormGuid], [TaskPage], [StartTime], [EndTime]) VALUES (N'87FECB2D-2C40-4AF5-A579-D8C96564BBE8', N'C332FCEF-DE2F-445E-81E5-337CC1047421', N'0008', N'0', null, null, null, null, N'0', N'0', N'00000000-0000-0000-0000-000000000000', N'7CF512D2-A62A-4C9F-A5CE-84898B8781AD', N'2018-01-05 20:14:29.550', null)
GO
GO
INSERT INTO [dbo].[RtNode] ([ActivityGuid], [InstanceGuid], [ActivityID], [ActivityType], [RawNodeGuid], [Sponsor], [PassRate], [AddSign], [TokensRequired], [TokensHad], [FormGuid], [TaskPage], [StartTime], [EndTime]) VALUES (N'3D7D5C83-3422-487F-AB88-D9ED322966B2', N'3E480485-6B18-4803-8BDE-47FE629C9D95', N'0002', N'0', null, null, null, null, N'0', N'0', N'00000000-0000-0000-0000-000000000000', N'27660889-5B1B-4EB4-AB8D-628A97779C89', N'2018-01-05 17:49:59.563', null)
GO
GO
INSERT INTO [dbo].[RtNode] ([ActivityGuid], [InstanceGuid], [ActivityID], [ActivityType], [RawNodeGuid], [Sponsor], [PassRate], [AddSign], [TokensRequired], [TokensHad], [FormGuid], [TaskPage], [StartTime], [EndTime]) VALUES (N'AF3A1C8A-6991-4772-854B-E09B602A87B8', N'3E480485-6B18-4803-8BDE-47FE629C9D95', N'0002', N'0', null, null, null, null, N'0', N'0', N'00000000-0000-0000-0000-000000000000', N'27660889-5B1B-4EB4-AB8D-628A97779C89', N'2018-01-05 17:50:53.640', null)
GO
GO
INSERT INTO [dbo].[RtNode] ([ActivityGuid], [InstanceGuid], [ActivityID], [ActivityType], [RawNodeGuid], [Sponsor], [PassRate], [AddSign], [TokensRequired], [TokensHad], [FormGuid], [TaskPage], [StartTime], [EndTime]) VALUES (N'D9860A63-990E-422B-BDB3-E2CC1D8062D5', N'415C7CAF-3122-444F-B7C9-1397EDEFE6D6', N'0008', N'0', null, null, null, null, N'0', N'0', N'00000000-0000-0000-0000-000000000000', N'7CF512D2-A62A-4C9F-A5CE-84898B8781AD', N'2018-01-05 20:02:44.253', null)
GO
GO
INSERT INTO [dbo].[RtNode] ([ActivityGuid], [InstanceGuid], [ActivityID], [ActivityType], [RawNodeGuid], [Sponsor], [PassRate], [AddSign], [TokensRequired], [TokensHad], [FormGuid], [TaskPage], [StartTime], [EndTime]) VALUES (N'3D25784F-6033-4894-867A-FB6D6E225CA1', N'127970B7-C95A-4B61-B90F-0A24BD7D7E76', N'0002', N'0', null, null, null, null, N'0', N'0', N'00000000-0000-0000-0000-000000000000', N'27660889-5B1B-4EB4-AB8D-628A97779C89', N'2018-01-05 19:53:10.287', null)
GO
GO

-- ----------------------------
-- Table structure for RtTask
-- ----------------------------
DROP TABLE [dbo].[RtTask]
GO
CREATE TABLE [dbo].[RtTask] (
[TaskGuid] uniqueidentifier NOT NULL ,
[InstanceGuid] uniqueidentifier NOT NULL ,
[ActivityGuid] uniqueidentifier NOT NULL ,
[TaskTitle] nvarchar(100) NULL ,
[TaskType] tinyint NULL ,
[Status] tinyint NOT NULL ,
[Owner] nvarchar(100) NULL ,
[Executor] nvarchar(100) NULL ,
[CreateTime] datetime NULL ,
[UpdateTime] datetime NULL 
)


GO

-- ----------------------------
-- Records of RtTask
-- ----------------------------
INSERT INTO [dbo].[RtTask] ([TaskGuid], [InstanceGuid], [ActivityGuid], [TaskTitle], [TaskType], [Status], [Owner], [Executor], [CreateTime], [UpdateTime]) VALUES (N'447CD065-B8F7-4150-B013-09FD09B8150E', N'3E480485-6B18-4803-8BDE-47FE629C9D95', N'78281824-5052-42F4-A13E-AA404EFCDF05', N'''????''+&Title', null, N'0', N'b', null, N'2018-01-05 17:52:18.193', null)
GO
GO
INSERT INTO [dbo].[RtTask] ([TaskGuid], [InstanceGuid], [ActivityGuid], [TaskTitle], [TaskType], [Status], [Owner], [Executor], [CreateTime], [UpdateTime]) VALUES (N'20538C3F-B4A9-46B2-9C62-101BE9BD9BAD', N'6D81A4E2-2F0F-4DFD-B9CB-70D811807908', N'042374D5-F3C2-4043-BA79-4ABB0036193D', N'''????''+&Title', null, N'0', N'b', null, N'2018-01-05 20:22:58.010', null)
GO
GO
INSERT INTO [dbo].[RtTask] ([TaskGuid], [InstanceGuid], [ActivityGuid], [TaskTitle], [TaskType], [Status], [Owner], [Executor], [CreateTime], [UpdateTime]) VALUES (N'E1DB64C0-9D75-423E-BD36-157F3BDBDBDA', N'127970B7-C95A-4B61-B90F-0A24BD7D7E76', N'51BC5399-822D-4866-AC6C-B3B73D508B31', N'''????''+&Title', null, N'0', N'a', null, N'2018-01-05 19:04:55.887', null)
GO
GO
INSERT INTO [dbo].[RtTask] ([TaskGuid], [InstanceGuid], [ActivityGuid], [TaskTitle], [TaskType], [Status], [Owner], [Executor], [CreateTime], [UpdateTime]) VALUES (N'BBE7D6E7-1F0F-42EE-952E-1C8241D131DE', N'A3204CCB-4D2A-4B09-9A7A-F0F91A5EF0DB', N'8A3F03A6-DD96-4488-BA5B-2C9A27AE1F21', N'''????''+&Title', null, N'0', N'a', null, N'2018-01-05 20:01:56.567', null)
GO
GO
INSERT INTO [dbo].[RtTask] ([TaskGuid], [InstanceGuid], [ActivityGuid], [TaskTitle], [TaskType], [Status], [Owner], [Executor], [CreateTime], [UpdateTime]) VALUES (N'E1BB7494-6AB5-428A-B2FB-1E85F1FCB5E8', N'3E480485-6B18-4803-8BDE-47FE629C9D95', N'9710B005-E5FF-4B77-AC7E-049E89D1E546', N'''????''+&Title', null, N'0', N'b', null, N'2018-01-05 17:42:11.613', null)
GO
GO
INSERT INTO [dbo].[RtTask] ([TaskGuid], [InstanceGuid], [ActivityGuid], [TaskTitle], [TaskType], [Status], [Owner], [Executor], [CreateTime], [UpdateTime]) VALUES (N'7DEDB950-1157-4CA1-AEBE-2C938C2485D5', N'3E480485-6B18-4803-8BDE-47FE629C9D95', N'8B2C763F-4FE2-47FA-9B2A-2D38752579A3', N'''????''+&Title', null, N'0', N'b', null, N'2018-01-05 17:51:53.297', null)
GO
GO
INSERT INTO [dbo].[RtTask] ([TaskGuid], [InstanceGuid], [ActivityGuid], [TaskTitle], [TaskType], [Status], [Owner], [Executor], [CreateTime], [UpdateTime]) VALUES (N'D41A34C4-2AF5-4C80-BB77-3C5A83A74502', N'415C7CAF-3122-444F-B7C9-1397EDEFE6D6', N'D9860A63-990E-422B-BDB3-E2CC1D8062D5', N'''????''+&Title', null, N'0', N'a', null, N'2018-01-05 20:02:44.253', null)
GO
GO
INSERT INTO [dbo].[RtTask] ([TaskGuid], [InstanceGuid], [ActivityGuid], [TaskTitle], [TaskType], [Status], [Owner], [Executor], [CreateTime], [UpdateTime]) VALUES (N'47430E5D-E15E-4886-B3DB-3F2B0FF522FB', N'127970B7-C95A-4B61-B90F-0A24BD7D7E76', N'3D25784F-6033-4894-867A-FB6D6E225CA1', N'''????''+&Title', null, N'0', N'b', null, N'2018-01-05 19:53:10.287', null)
GO
GO
INSERT INTO [dbo].[RtTask] ([TaskGuid], [InstanceGuid], [ActivityGuid], [TaskTitle], [TaskType], [Status], [Owner], [Executor], [CreateTime], [UpdateTime]) VALUES (N'6C5957C0-1ACF-4D17-A5CF-42586C450983', N'B2E76353-BE39-4CE0-8D31-4C25512B98A1', N'BE77C6B1-EF31-453B-9DBF-C38ADED85C87', N'''????''+&Title', null, N'0', N'a', null, N'2018-01-05 20:12:00.273', null)
GO
GO
INSERT INTO [dbo].[RtTask] ([TaskGuid], [InstanceGuid], [ActivityGuid], [TaskTitle], [TaskType], [Status], [Owner], [Executor], [CreateTime], [UpdateTime]) VALUES (N'94013186-CA26-4117-9A4E-4FE95CAC8151', N'B2E76353-BE39-4CE0-8D31-4C25512B98A1', N'9A77B950-29B6-429E-B9E6-6C54BC7F6A50', N'''????''+&Title', null, N'0', N'c', null, N'2018-01-05 20:13:04.237', null)
GO
GO
INSERT INTO [dbo].[RtTask] ([TaskGuid], [InstanceGuid], [ActivityGuid], [TaskTitle], [TaskType], [Status], [Owner], [Executor], [CreateTime], [UpdateTime]) VALUES (N'CB864691-80BC-498B-A9A6-59E357BEBEC6', N'C332FCEF-DE2F-445E-81E5-337CC1047421', N'11A3BD52-3391-4917-BC55-98F1FC80F356', N'''????''+&Title', null, N'0', N'b', null, N'2018-01-05 20:15:10.477', null)
GO
GO
INSERT INTO [dbo].[RtTask] ([TaskGuid], [InstanceGuid], [ActivityGuid], [TaskTitle], [TaskType], [Status], [Owner], [Executor], [CreateTime], [UpdateTime]) VALUES (N'8A48825D-C851-4F45-B098-703490F1E8A7', N'4696AF64-49A3-481C-9C39-3DFCB051F96D', N'0A4B4627-A9C2-434C-9A1B-6246CE9ED11A', N'''????''+&Title', null, N'0', N'a', null, N'2018-01-05 20:09:05.480', null)
GO
GO
INSERT INTO [dbo].[RtTask] ([TaskGuid], [InstanceGuid], [ActivityGuid], [TaskTitle], [TaskType], [Status], [Owner], [Executor], [CreateTime], [UpdateTime]) VALUES (N'A55B9002-A6B0-4583-B645-76FF6FB5720E', N'759F54DE-5154-4193-8238-DF93951EB650', N'75CC04BD-9643-44AC-BA5C-A85FAA2F8BBA', N'''????''+&Title', null, N'0', N'a', null, N'2018-01-05 20:11:17.367', null)
GO
GO
INSERT INTO [dbo].[RtTask] ([TaskGuid], [InstanceGuid], [ActivityGuid], [TaskTitle], [TaskType], [Status], [Owner], [Executor], [CreateTime], [UpdateTime]) VALUES (N'89BEB005-8777-42FC-8622-7D0133AE5437', N'C332FCEF-DE2F-445E-81E5-337CC1047421', N'87FECB2D-2C40-4AF5-A579-D8C96564BBE8', N'''????''+&Title', null, N'0', N'a', null, N'2018-01-05 20:14:29.550', null)
GO
GO
INSERT INTO [dbo].[RtTask] ([TaskGuid], [InstanceGuid], [ActivityGuid], [TaskTitle], [TaskType], [Status], [Owner], [Executor], [CreateTime], [UpdateTime]) VALUES (N'D46CB200-F51C-4A7C-BB4E-7FBCA98090B8', N'2D476308-DF16-490B-929F-89465CAA013F', N'9A4CBCED-590A-4408-8862-18586BC16DB0', N'''????''+&Title', null, N'0', N'a', null, N'2018-01-05 19:03:30.640', null)
GO
GO
INSERT INTO [dbo].[RtTask] ([TaskGuid], [InstanceGuid], [ActivityGuid], [TaskTitle], [TaskType], [Status], [Owner], [Executor], [CreateTime], [UpdateTime]) VALUES (N'8017C642-D96D-4F0A-A5AE-8ACF717589DA', N'3E480485-6B18-4803-8BDE-47FE629C9D95', N'20954C90-F1D7-4CD4-B3AA-D756C9AD38DA', N'''????''+&Title', null, N'0', N'b', null, N'2018-01-05 17:41:58.967', null)
GO
GO
INSERT INTO [dbo].[RtTask] ([TaskGuid], [InstanceGuid], [ActivityGuid], [TaskTitle], [TaskType], [Status], [Owner], [Executor], [CreateTime], [UpdateTime]) VALUES (N'F4BD5301-B672-476A-B566-9D7A87A7029A', N'B2E76353-BE39-4CE0-8D31-4C25512B98A1', N'0BBF1E9F-074A-4EF8-A51D-AECDA1EE7A70', N'''????''+&Title', null, N'0', N'b', null, N'2018-01-05 20:12:14.587', null)
GO
GO
INSERT INTO [dbo].[RtTask] ([TaskGuid], [InstanceGuid], [ActivityGuid], [TaskTitle], [TaskType], [Status], [Owner], [Executor], [CreateTime], [UpdateTime]) VALUES (N'8EABE22F-199C-4AC3-99B6-B3BFCA96ACC3', N'3E480485-6B18-4803-8BDE-47FE629C9D95', N'3D7D5C83-3422-487F-AB88-D9ED322966B2', N'''????''+&Title', null, N'0', N'b', null, N'2018-01-05 17:49:59.563', null)
GO
GO
INSERT INTO [dbo].[RtTask] ([TaskGuid], [InstanceGuid], [ActivityGuid], [TaskTitle], [TaskType], [Status], [Owner], [Executor], [CreateTime], [UpdateTime]) VALUES (N'BBD4E647-5DFB-47AF-B509-BA687211C3E3', N'C332FCEF-DE2F-445E-81E5-337CC1047421', N'433A845C-D9F0-4559-9E17-0569E40F4115', N'''????''+&Title', null, N'0', N'c', null, N'2018-01-05 20:15:50.427', null)
GO
GO
INSERT INTO [dbo].[RtTask] ([TaskGuid], [InstanceGuid], [ActivityGuid], [TaskTitle], [TaskType], [Status], [Owner], [Executor], [CreateTime], [UpdateTime]) VALUES (N'82B958A9-6078-4BB3-A8EA-BD365251E1D5', N'3E480485-6B18-4803-8BDE-47FE629C9D95', N'34122871-ACA9-4B80-AD65-870DD41D2A47', N'''????''+&Title', null, N'0', N'a', null, N'2018-01-05 17:41:16.410', null)
GO
GO
INSERT INTO [dbo].[RtTask] ([TaskGuid], [InstanceGuid], [ActivityGuid], [TaskTitle], [TaskType], [Status], [Owner], [Executor], [CreateTime], [UpdateTime]) VALUES (N'01488079-A0B1-4150-BDC6-C55883A1CFD2', N'B3FDA2F8-E8A9-4FAE-B969-6839818F5D79', N'43D00D16-E085-4DEE-B1C1-4DBC2DA6AAE4', N'''????''+&Title', null, N'0', N'a', null, N'2018-01-05 17:41:07.197', null)
GO
GO
INSERT INTO [dbo].[RtTask] ([TaskGuid], [InstanceGuid], [ActivityGuid], [TaskTitle], [TaskType], [Status], [Owner], [Executor], [CreateTime], [UpdateTime]) VALUES (N'F26FFB2D-2AD0-4231-A3DB-C5A845B99D47', N'3E480485-6B18-4803-8BDE-47FE629C9D95', N'AF3A1C8A-6991-4772-854B-E09B602A87B8', N'''????''+&Title', null, N'0', N'b', null, N'2018-01-05 17:50:53.640', null)
GO
GO
INSERT INTO [dbo].[RtTask] ([TaskGuid], [InstanceGuid], [ActivityGuid], [TaskTitle], [TaskType], [Status], [Owner], [Executor], [CreateTime], [UpdateTime]) VALUES (N'D68BF66C-D7AA-49B3-9736-C7222DD676F1', N'3E480485-6B18-4803-8BDE-47FE629C9D95', N'93266648-821F-4388-8079-824EBE0FA64C', N'''????''+&Title', null, N'0', N'b', null, N'2018-01-05 17:51:12.847', null)
GO
GO
INSERT INTO [dbo].[RtTask] ([TaskGuid], [InstanceGuid], [ActivityGuid], [TaskTitle], [TaskType], [Status], [Owner], [Executor], [CreateTime], [UpdateTime]) VALUES (N'EE06C7E4-AC9F-4A64-8A29-CDD142FD9DF3', N'6D81A4E2-2F0F-4DFD-B9CB-70D811807908', N'DEE868D1-0476-470A-87F0-64720B61BE2D', N'''????''+&Title', null, N'0', N'c', null, N'2018-01-05 20:23:29.073', null)
GO
GO
INSERT INTO [dbo].[RtTask] ([TaskGuid], [InstanceGuid], [ActivityGuid], [TaskTitle], [TaskType], [Status], [Owner], [Executor], [CreateTime], [UpdateTime]) VALUES (N'684373C4-DAF4-49A6-96FB-F645BD0CB2E8', N'6D81A4E2-2F0F-4DFD-B9CB-70D811807908', N'AD8A7F6E-F1A9-45A0-9B52-8869E1DFD4AB', N'''????''+&Title', null, N'0', N'a', null, N'2018-01-05 20:22:50.257', null)
GO
GO

-- ----------------------------
-- Table structure for RtToken
-- ----------------------------
DROP TABLE [dbo].[RtToken]
GO
CREATE TABLE [dbo].[RtToken] (
[TokenGuid] uniqueidentifier NOT NULL ,
[InstanceGuid] uniqueidentifier NOT NULL ,
[PreToken] uniqueidentifier NOT NULL ,
[ElementID] nvarchar(50) NULL ,
[Status] tinyint NULL ,
[CreateTime] datetime NULL ,
[UpdateTime] datetime NULL 
)


GO

-- ----------------------------
-- Records of RtToken
-- ----------------------------

-- ----------------------------
-- Table structure for RtTransition
-- ----------------------------
DROP TABLE [dbo].[RtTransition]
GO
CREATE TABLE [dbo].[RtTransition] (
[TransferGuid] uniqueidentifier NOT NULL ,
[InstanceGuid] uniqueidentifier NOT NULL ,
[Condition] nvarchar(MAX) NULL ,
[ConditionResult] nvarchar(MAX) NULL ,
[SourceGuid] uniqueidentifier NOT NULL ,
[TargetGuid] uniqueidentifier NOT NULL 
)


GO

-- ----------------------------
-- Records of RtTransition
-- ----------------------------

-- ----------------------------
-- Table structure for SysDepartment
-- ----------------------------
DROP TABLE [dbo].[SysDepartment]
GO
CREATE TABLE [dbo].[SysDepartment] (
[DeptGuid] uniqueidentifier NOT NULL ,
[DeptName] nvarchar(100) NULL ,
[HiDeptGuid] uniqueidentifier NOT NULL ,
[DeptLeader] uniqueidentifier NULL 
)


GO

-- ----------------------------
-- Records of SysDepartment
-- ----------------------------

-- ----------------------------
-- Table structure for SysDeptUser
-- ----------------------------
DROP TABLE [dbo].[SysDeptUser]
GO
CREATE TABLE [dbo].[SysDeptUser] (
[DeptUserGuid] uniqueidentifier NOT NULL ,
[DeptGuid] uniqueidentifier NOT NULL ,
[UserGuid] uniqueidentifier NOT NULL 
)


GO

-- ----------------------------
-- Records of SysDeptUser
-- ----------------------------

-- ----------------------------
-- Table structure for SysRole
-- ----------------------------
DROP TABLE [dbo].[SysRole]
GO
CREATE TABLE [dbo].[SysRole] (
[RoleGuid] uniqueidentifier NOT NULL ,
[RoleName] nvarchar(100) NULL 
)


GO

-- ----------------------------
-- Records of SysRole
-- ----------------------------
INSERT INTO [dbo].[SysRole] ([RoleGuid], [RoleName]) VALUES (N'1CC1BFE2-DA3A-4819-BDD9-BC95BD91BBE9', N'Manager')
GO
GO
INSERT INTO [dbo].[SysRole] ([RoleGuid], [RoleName]) VALUES (N'AAF2B23F-742B-4DFC-BD2E-C5E5D48C9405', N'Leader')
GO
GO

-- ----------------------------
-- Table structure for SysRoleUser
-- ----------------------------
DROP TABLE [dbo].[SysRoleUser]
GO
CREATE TABLE [dbo].[SysRoleUser] (
[RoleUserGuid] uniqueidentifier NOT NULL ,
[RoleGuid] uniqueidentifier NOT NULL ,
[UserGuid] uniqueidentifier NOT NULL 
)


GO

-- ----------------------------
-- Records of SysRoleUser
-- ----------------------------
INSERT INTO [dbo].[SysRoleUser] ([RoleUserGuid], [RoleGuid], [UserGuid]) VALUES (N'59B0C53D-3892-47D3-B8E0-3273D084291C', N'1CC1BFE2-DA3A-4819-BDD9-BC95BD91BBE9', N'530C035C-30BC-43AA-B5E2-68177E5244D8')
GO
GO
INSERT INTO [dbo].[SysRoleUser] ([RoleUserGuid], [RoleGuid], [UserGuid]) VALUES (N'FF40CC80-D42B-497D-A031-6F73C34265AC', N'AAF2B23F-742B-4DFC-BD2E-C5E5D48C9405', N'E4850284-BB32-4A68-842A-26D0108717F8')
GO
GO

-- ----------------------------
-- Table structure for SysUser
-- ----------------------------
DROP TABLE [dbo].[SysUser]
GO
CREATE TABLE [dbo].[SysUser] (
[UserGuid] uniqueidentifier NOT NULL ,
[UserID] nvarchar(50) NULL ,
[UserPwd] nvarchar(50) NULL ,
[UserName] nvarchar(50) NULL ,
[UserSex] bit NULL ,
[Phone] nvarchar(12) NULL ,
[Email] nvarchar(50) NULL 
)


GO

-- ----------------------------
-- Records of SysUser
-- ----------------------------
INSERT INTO [dbo].[SysUser] ([UserGuid], [UserID], [UserPwd], [UserName], [UserSex], [Phone], [Email]) VALUES (N'E4850284-BB32-4A68-842A-26D0108717F8', N'c', null, null, null, null, null)
GO
GO
INSERT INTO [dbo].[SysUser] ([UserGuid], [UserID], [UserPwd], [UserName], [UserSex], [Phone], [Email]) VALUES (N'BC348BD4-27A9-4EB0-ABE4-5DE39C2A50F5', N'a', null, null, null, null, null)
GO
GO
INSERT INTO [dbo].[SysUser] ([UserGuid], [UserID], [UserPwd], [UserName], [UserSex], [Phone], [Email]) VALUES (N'530C035C-30BC-43AA-B5E2-68177E5244D8', N'b', null, null, null, null, null)
GO
GO

-- ----------------------------
-- Table structure for WfField
-- ----------------------------
DROP TABLE [dbo].[WfField]
GO
CREATE TABLE [dbo].[WfField] (
[FieldGuid] uniqueidentifier NOT NULL ,
[MasterGuid] uniqueidentifier NOT NULL ,
[Name] nvarchar(50) NULL ,
[Alias] nvarchar(50) NULL ,
[Type] nvarchar(50) NULL ,
[IsArray] bit NULL ,
[GroupName] nvarchar(50) NULL ,
[Format] nvarchar(50) NULL ,
[Value] nvarchar(255) NULL ,
[Description] nvarchar(255) NULL 
)


GO

-- ----------------------------
-- Records of WfField
-- ----------------------------
INSERT INTO [dbo].[WfField] ([FieldGuid], [MasterGuid], [Name], [Alias], [Type], [IsArray], [GroupName], [Format], [Value], [Description]) VALUES (N'7ADD5FED-AC15-49CE-967A-6E705B2878B3', N'A40797C6-0DDA-4A23-B104-43607D6A69B9', N'&Manager', null, N'string', N'0', null, null, null, null)
GO
GO
INSERT INTO [dbo].[WfField] ([FieldGuid], [MasterGuid], [Name], [Alias], [Type], [IsArray], [GroupName], [Format], [Value], [Description]) VALUES (N'AB7A8476-867D-4186-8F44-892EAE25B62B', N'A40797C6-0DDA-4A23-B104-43607D6A69B9', N'&Applicant', null, N'string', N'0', null, null, null, null)
GO
GO
INSERT INTO [dbo].[WfField] ([FieldGuid], [MasterGuid], [Name], [Alias], [Type], [IsArray], [GroupName], [Format], [Value], [Description]) VALUES (N'D3C3F2EE-3B81-445A-91EE-D015FF8BCD46', N'A40797C6-0DDA-4A23-B104-43607D6A69B9', N'&Leader', null, N'string', N'0', null, null, null, null)
GO
GO
INSERT INTO [dbo].[WfField] ([FieldGuid], [MasterGuid], [Name], [Alias], [Type], [IsArray], [GroupName], [Format], [Value], [Description]) VALUES (N'F1B655B8-AF13-4B0C-B7D1-DB81DC8267CC', N'A40797C6-0DDA-4A23-B104-43607D6A69B9', N'&Title', null, N'string', N'0', null, null, null, null)
GO
GO

-- ----------------------------
-- Table structure for WfForm
-- ----------------------------
DROP TABLE [dbo].[WfForm]
GO
CREATE TABLE [dbo].[WfForm] (
[FormGuid] uniqueidentifier NOT NULL ,
[MasterGuid] uniqueidentifier NOT NULL ,
[TaskPage] uniqueidentifier NULL ,
[Type] nvarchar(50) NULL ,
[Name] nvarchar(100) NULL ,
[Html] nvarchar(MAX) NULL ,
[CreateTime] datetime NULL ,
[CreateUser] uniqueidentifier NULL ,
[UpdateTime] datetime NULL ,
[UpdateUser] uniqueidentifier NULL ,
[Released] int NULL 
)


GO

-- ----------------------------
-- Records of WfForm
-- ----------------------------
INSERT INTO [dbo].[WfForm] ([FormGuid], [MasterGuid], [TaskPage], [Type], [Name], [Html], [CreateTime], [CreateUser], [UpdateTime], [UpdateUser], [Released]) VALUES (N'8CB12E69-1439-4649-978C-1D4BF92950E2', N'A40797C6-0DDA-4A23-B104-43607D6A69B9', N'7CF512D2-A62A-4C9F-A5CE-84898B8781AD', null, null, N'标题：<input field="&amp;Title" id="data_5620d23b5b606" name="data_5620d23b5b606" operate="NoReadWrite" title="title" type="text" value="" /><br />
<br />
shenqing:<input field="&amp;Applicant" id="data_5620d28e974fd" name="data_5620d28e974fd" operate="NoReadWrite" title="applicant" type="text" value="" />', N'2018-01-05 20:19:15.503', null, null, null, N'0')
GO
GO
INSERT INTO [dbo].[WfForm] ([FormGuid], [MasterGuid], [TaskPage], [Type], [Name], [Html], [CreateTime], [CreateUser], [UpdateTime], [UpdateUser], [Released]) VALUES (N'5266C161-C068-4D0F-B976-718DF1DE8852', N'A40797C6-0DDA-4A23-B104-43607D6A69B9', N'FA771087-632B-4DED-B99D-5DAB949435D9', null, null, N'申请：<input field="&amp;Applicant" id="data_5620d30f259b9" name="data_5620d30f259b9" operate="ReadNoWrite" title="applicant" type="text" value="" /><br />
<br />
经理：<input field="&amp;Manager" id="data_5620d31d2d437" name="data_5620d31d2d437" operate="ReadNoWrite" title="manger" type="text" value="" />', N'2018-01-05 20:21:37.487', null, null, null, N'0')
GO
GO
INSERT INTO [dbo].[WfForm] ([FormGuid], [MasterGuid], [TaskPage], [Type], [Name], [Html], [CreateTime], [CreateUser], [UpdateTime], [UpdateUser], [Released]) VALUES (N'C57819E7-6A5E-41F8-A493-9949ED55E55F', N'A40797C6-0DDA-4A23-B104-43607D6A69B9', N'27660889-5B1B-4EB4-AB8D-628A97779C89', null, null, N'经理：<input field="&amp;Manager" id="data_5620d2e2c31be" name="data_5620d2e2c31be" operate="NoReadWrite" title="manger" type="text" value="" />', N'2018-01-05 20:20:33.423', null, null, null, N'0')
GO
GO

-- ----------------------------
-- Table structure for WfProcess
-- ----------------------------
DROP TABLE [dbo].[WfProcess]
GO
CREATE TABLE [dbo].[WfProcess] (
[ProcessGuid] uniqueidentifier NOT NULL ,
[ProcessName] nvarchar(50) NULL ,
[MasterVer] nvarchar(10) NULL ,
[CreateTime] datetime NULL ,
[UpdateTime] datetime NULL ,
[Status] tinyint NULL 
)


GO

-- ----------------------------
-- Records of WfProcess
-- ----------------------------
INSERT INTO [dbo].[WfProcess] ([ProcessGuid], [ProcessName], [MasterVer], [CreateTime], [UpdateTime], [Status]) VALUES (N'3043934F-DA04-4A96-B010-623BD047DABD', N'请假', N'1', null, null, N'1')
GO
GO

-- ----------------------------
-- Table structure for WfRepository
-- ----------------------------
DROP TABLE [dbo].[WfRepository]
GO
CREATE TABLE [dbo].[WfRepository] (
[RepoGuid] uniqueidentifier NOT NULL ,
[Description] nvarchar(100) NULL ,
[CreateTime] datetime NULL ,
[UpdateTime] datetime NULL ,
[Version] nvarchar(10) NULL ,
[BpmFile] nvarchar(50) NULL ,
[BpmPath] nvarchar(100) NULL ,
[BpmContent] nvarchar(MAX) NULL ,
[ProcessGuid] uniqueidentifier NULL 
)


GO

-- ----------------------------
-- Records of WfRepository
-- ----------------------------
INSERT INTO [dbo].[WfRepository] ([RepoGuid], [Description], [CreateTime], [UpdateTime], [Version], [BpmFile], [BpmPath], [BpmContent], [ProcessGuid]) VALUES (N'A40797C6-0DDA-4A23-B104-43607D6A69B9', null, null, null, N'1', null, null, N'<?xml version="1.0" encoding="utf-8"?>
<Process>
    <ProcessID>A7F1FF45-0711-492C-AE29-9854FC048DB5</ProcessID>
    <Title>请假申请</Title>
    <Author>admin</Author>
    <CodeType>CS</CodeType>
    <!--<loglevel>2</loglevel>-->
    <!--<Startobject>Startevent_0001</Startobject>-->
    <Version>1</Version>
    <Created>2017-12-19T14:48:00</Created>
    <Release>1</Release>
    <!--0未发布，1已发布-->
    <!--<Isbpmn2></Isbpmn2>-->
    <!--是否bpmn2格式显示，0否，1是-->
    <!--流程图元素-->
    <Flows>
        <Sequences>
            <!--<Sequence ID="sequence_0001" Source="0001" Target="0008" />
            <Sequence ID="sequence_0002" Source="0008" Target="0006" />
            <Sequence ID="sequence_0004" Name="no" Source="0006" Target="0002">
                <Express>&amp;IsLeader==1</Express>
            </Sequence>
            <Sequence ID="sequence_0005" Name="no" Source="0006" Target="0003">
                <Express>&amp;IsLeader==0</Express>
            </Sequence>
            <Sequence ID="sequence_0006" Source="0002" Target="0007" />
            <Sequence ID="sequence_0007" Source="0003" Target="0007" />
            <Sequence ID="sequence_0008" Source="0007" Target="0009" />-->
          
            <Sequence ID="sequence_0006" Source="0001" Target="0008" />
            <Sequence ID="sequence_0007" Source="0008" Target="0002" />
            <Sequence ID="sequence_0008" Source="0002" Target="0003" />
            <Sequence ID="sequence_0009" Source="0003" Target="0004" />
            <Sequence ID="sequence_0010" Source="0004" Target="0005" />
        </Sequences>
        <Steps>
            <StartEvent ID="0001" />
            <StartEvent ID="0005">
                <type>Timer</type>
                <Define>20171224</Define>
            </StartEvent>
            <EndEvent ID="0009"/>
            <UserTask ID="0008" Name="申请人填写入境申请表单">
                <TaskTitle>''请填写：''+&amp;Title</TaskTitle>
                <TaskPage>7CF512D2-A62A-4C9F-A5CE-84898B8781AD</TaskPage>
                <Candidates type="User">a</Candidates>
            </UserTask>
            <UserTask ID="0002" Name="部门经理审批">
                <TaskTitle>''请审批：''+&amp;Title</TaskTitle>
                <TaskPage>27660889-5B1B-4EB4-AB8D-628A97779C89</TaskPage>
                <Candidates type="User">b</Candidates>
            </UserTask>
            <UserTask ID="0003" Name="总经理审批">
                <TaskTitle>''请审批：''+&amp;Title</TaskTitle>
                <TaskPage>FA771087-632B-4DED-B99D-5DAB949435D9</TaskPage>
                <Candidates type="User">c</Candidates>
            </UserTask>
            <UserTask ID="0004" Name="申请人确认">
                <TaskTitle>''请确认：''+&amp;Title</TaskTitle>
                <TaskPage>DBB9B148-0E1C-4E7C-B709-D4B05CA253C9</TaskPage>
                <Candidates type="User">a</Candidates>
            </UserTask>
            <ExclusiveGateway ID="0006"/>
            <ExclusiveGateway ID="0007" />
        </Steps>
        <Graph></Graph>
    </Flows>
    <!--活动/事件-->
    <Pages>
        <!--表单页面-->
        <Page ID="0041" Name="2">
            <Type>3</Type>
            <Url>4</Url>
            <Fields>
              <Field></Field>
            </Fields>
            <Content>6</Content>
            <OnCreate>7</OnCreate>
            <OnSubmit>8</OnSubmit>
            <Methods>9</Methods>
        </Page>
    </Pages>
    <!--表单页面-->
    <Params>
        <!--流程变量定义-->
        <Param Name="&amp;Leader">
          <Type>string</Type>
          <IsArray>1</IsArray>
          <Value>0</Value>
          <GroupName>0</GroupName>
        </Param>
        <Param Name="&amp;Applicant">
          <Type>string</Type>
          <IsArray>1</IsArray>
          <Value>0</Value>
          <GroupName>0</GroupName>
        </Param>
        <Param Name="&amp;Manager">
          <Type>string</Type>
          <IsArray>1</IsArray>
          <Value>0</Value>
          <GroupName>0</GroupName>
        </Param>
        <Param Name="&amp;IsLeader">
            <Type>string</Type>
            <IsArray>1</IsArray>
            <Value>0</Value>
            <GroupName>0</GroupName>
        </Param>
        <Param Name="&amp;Title">
            <Type>string</Type>
            <IsArray>0</IsArray>
            <Value>请审批</Value>
            <GroupName>0</GroupName>
        </Param>
    </Params>
    <!--流程变量定义-->
</Process>', N'3043934F-DA04-4A96-B010-623BD047DABD')
GO
GO

-- ----------------------------
-- Indexes structure for table __MigrationHistory
-- ----------------------------

-- ----------------------------
-- Primary Key structure for table __MigrationHistory
-- ----------------------------
ALTER TABLE [dbo].[__MigrationHistory] ADD PRIMARY KEY ([MigrationId], [ContextKey])
GO

-- ----------------------------
-- Indexes structure for table CodeTable
-- ----------------------------

-- ----------------------------
-- Primary Key structure for table CodeTable
-- ----------------------------
ALTER TABLE [dbo].[CodeTable] ADD PRIMARY KEY ([CodeCD])
GO

-- ----------------------------
-- Indexes structure for table RtDelegate
-- ----------------------------

-- ----------------------------
-- Primary Key structure for table RtDelegate
-- ----------------------------
ALTER TABLE [dbo].[RtDelegate] ADD PRIMARY KEY ([DelegateGuid])
GO

-- ----------------------------
-- Indexes structure for table RtField
-- ----------------------------
CREATE INDEX [IX_MasterGuid] ON [dbo].[RtField]
([MasterGuid] ASC) 
GO

-- ----------------------------
-- Primary Key structure for table RtField
-- ----------------------------
ALTER TABLE [dbo].[RtField] ADD PRIMARY KEY ([FieldGuid])
GO

-- ----------------------------
-- Indexes structure for table RtForm
-- ----------------------------
CREATE INDEX [IX_MasterGuid] ON [dbo].[RtForm]
([MasterGuid] ASC) 
GO

-- ----------------------------
-- Primary Key structure for table RtForm
-- ----------------------------
ALTER TABLE [dbo].[RtForm] ADD PRIMARY KEY ([FormGuid])
GO

-- ----------------------------
-- Indexes structure for table RtInstance
-- ----------------------------
CREATE INDEX [IX_RepoGuid] ON [dbo].[RtInstance]
([RepoGuid] ASC) 
GO

-- ----------------------------
-- Primary Key structure for table RtInstance
-- ----------------------------
ALTER TABLE [dbo].[RtInstance] ADD PRIMARY KEY ([InstanceGuid])
GO

-- ----------------------------
-- Indexes structure for table RtNode
-- ----------------------------
CREATE INDEX [IX_InstanceGuid] ON [dbo].[RtNode]
([InstanceGuid] ASC) 
GO

-- ----------------------------
-- Primary Key structure for table RtNode
-- ----------------------------
ALTER TABLE [dbo].[RtNode] ADD PRIMARY KEY ([ActivityGuid])
GO

-- ----------------------------
-- Indexes structure for table RtTask
-- ----------------------------
CREATE INDEX [IX_InstanceGuid] ON [dbo].[RtTask]
([InstanceGuid] ASC) 
GO

-- ----------------------------
-- Primary Key structure for table RtTask
-- ----------------------------
ALTER TABLE [dbo].[RtTask] ADD PRIMARY KEY ([TaskGuid])
GO

-- ----------------------------
-- Indexes structure for table RtToken
-- ----------------------------
CREATE INDEX [IX_InstanceGuid] ON [dbo].[RtToken]
([InstanceGuid] ASC) 
GO

-- ----------------------------
-- Primary Key structure for table RtToken
-- ----------------------------
ALTER TABLE [dbo].[RtToken] ADD PRIMARY KEY ([TokenGuid])
GO

-- ----------------------------
-- Indexes structure for table RtTransition
-- ----------------------------
CREATE INDEX [IX_InstanceGuid] ON [dbo].[RtTransition]
([InstanceGuid] ASC) 
GO

-- ----------------------------
-- Primary Key structure for table RtTransition
-- ----------------------------
ALTER TABLE [dbo].[RtTransition] ADD PRIMARY KEY ([TransferGuid])
GO

-- ----------------------------
-- Indexes structure for table SysDepartment
-- ----------------------------

-- ----------------------------
-- Primary Key structure for table SysDepartment
-- ----------------------------
ALTER TABLE [dbo].[SysDepartment] ADD PRIMARY KEY ([DeptGuid])
GO

-- ----------------------------
-- Indexes structure for table SysDeptUser
-- ----------------------------
CREATE INDEX [IX_DeptGuid] ON [dbo].[SysDeptUser]
([DeptGuid] ASC) 
GO
CREATE INDEX [IX_UserGuid] ON [dbo].[SysDeptUser]
([UserGuid] ASC) 
GO

-- ----------------------------
-- Primary Key structure for table SysDeptUser
-- ----------------------------
ALTER TABLE [dbo].[SysDeptUser] ADD PRIMARY KEY ([DeptUserGuid])
GO

-- ----------------------------
-- Indexes structure for table SysRole
-- ----------------------------

-- ----------------------------
-- Primary Key structure for table SysRole
-- ----------------------------
ALTER TABLE [dbo].[SysRole] ADD PRIMARY KEY ([RoleGuid])
GO

-- ----------------------------
-- Indexes structure for table SysRoleUser
-- ----------------------------
CREATE INDEX [IX_RoleGuid] ON [dbo].[SysRoleUser]
([RoleGuid] ASC) 
GO
CREATE INDEX [IX_UserGuid] ON [dbo].[SysRoleUser]
([UserGuid] ASC) 
GO

-- ----------------------------
-- Primary Key structure for table SysRoleUser
-- ----------------------------
ALTER TABLE [dbo].[SysRoleUser] ADD PRIMARY KEY ([RoleUserGuid])
GO

-- ----------------------------
-- Indexes structure for table SysUser
-- ----------------------------

-- ----------------------------
-- Primary Key structure for table SysUser
-- ----------------------------
ALTER TABLE [dbo].[SysUser] ADD PRIMARY KEY ([UserGuid])
GO

-- ----------------------------
-- Indexes structure for table WfField
-- ----------------------------
CREATE INDEX [IX_MasterGuid] ON [dbo].[WfField]
([MasterGuid] ASC) 
GO

-- ----------------------------
-- Primary Key structure for table WfField
-- ----------------------------
ALTER TABLE [dbo].[WfField] ADD PRIMARY KEY ([FieldGuid])
GO

-- ----------------------------
-- Indexes structure for table WfForm
-- ----------------------------
CREATE INDEX [IX_MasterGuid] ON [dbo].[WfForm]
([MasterGuid] ASC) 
GO

-- ----------------------------
-- Primary Key structure for table WfForm
-- ----------------------------
ALTER TABLE [dbo].[WfForm] ADD PRIMARY KEY ([FormGuid])
GO

-- ----------------------------
-- Indexes structure for table WfProcess
-- ----------------------------

-- ----------------------------
-- Primary Key structure for table WfProcess
-- ----------------------------
ALTER TABLE [dbo].[WfProcess] ADD PRIMARY KEY ([ProcessGuid])
GO

-- ----------------------------
-- Indexes structure for table WfRepository
-- ----------------------------
CREATE INDEX [IX_ProcessGuid] ON [dbo].[WfRepository]
([ProcessGuid] ASC) 
GO

-- ----------------------------
-- Primary Key structure for table WfRepository
-- ----------------------------
ALTER TABLE [dbo].[WfRepository] ADD PRIMARY KEY ([RepoGuid])
GO

-- ----------------------------
-- Foreign Key structure for table [dbo].[RtField]
-- ----------------------------
ALTER TABLE [dbo].[RtField] ADD FOREIGN KEY ([MasterGuid]) REFERENCES [dbo].[RtInstance] ([InstanceGuid]) ON DELETE CASCADE ON UPDATE NO ACTION
GO

-- ----------------------------
-- Foreign Key structure for table [dbo].[RtForm]
-- ----------------------------
ALTER TABLE [dbo].[RtForm] ADD FOREIGN KEY ([MasterGuid]) REFERENCES [dbo].[RtInstance] ([InstanceGuid]) ON DELETE CASCADE ON UPDATE NO ACTION
GO

-- ----------------------------
-- Foreign Key structure for table [dbo].[RtInstance]
-- ----------------------------
ALTER TABLE [dbo].[RtInstance] ADD FOREIGN KEY ([RepoGuid]) REFERENCES [dbo].[WfRepository] ([RepoGuid]) ON DELETE CASCADE ON UPDATE NO ACTION
GO

-- ----------------------------
-- Foreign Key structure for table [dbo].[RtNode]
-- ----------------------------
ALTER TABLE [dbo].[RtNode] ADD FOREIGN KEY ([InstanceGuid]) REFERENCES [dbo].[RtInstance] ([InstanceGuid]) ON DELETE CASCADE ON UPDATE NO ACTION
GO

-- ----------------------------
-- Foreign Key structure for table [dbo].[RtTask]
-- ----------------------------
ALTER TABLE [dbo].[RtTask] ADD FOREIGN KEY ([InstanceGuid]) REFERENCES [dbo].[RtInstance] ([InstanceGuid]) ON DELETE CASCADE ON UPDATE NO ACTION
GO

-- ----------------------------
-- Foreign Key structure for table [dbo].[RtToken]
-- ----------------------------
ALTER TABLE [dbo].[RtToken] ADD FOREIGN KEY ([InstanceGuid]) REFERENCES [dbo].[RtInstance] ([InstanceGuid]) ON DELETE CASCADE ON UPDATE NO ACTION
GO

-- ----------------------------
-- Foreign Key structure for table [dbo].[RtTransition]
-- ----------------------------
ALTER TABLE [dbo].[RtTransition] ADD FOREIGN KEY ([InstanceGuid]) REFERENCES [dbo].[RtInstance] ([InstanceGuid]) ON DELETE CASCADE ON UPDATE NO ACTION
GO

-- ----------------------------
-- Foreign Key structure for table [dbo].[SysDeptUser]
-- ----------------------------
ALTER TABLE [dbo].[SysDeptUser] ADD FOREIGN KEY ([DeptGuid]) REFERENCES [dbo].[SysDepartment] ([DeptGuid]) ON DELETE CASCADE ON UPDATE NO ACTION
GO
ALTER TABLE [dbo].[SysDeptUser] ADD FOREIGN KEY ([UserGuid]) REFERENCES [dbo].[SysUser] ([UserGuid]) ON DELETE CASCADE ON UPDATE NO ACTION
GO

-- ----------------------------
-- Foreign Key structure for table [dbo].[SysRoleUser]
-- ----------------------------
ALTER TABLE [dbo].[SysRoleUser] ADD FOREIGN KEY ([RoleGuid]) REFERENCES [dbo].[SysRole] ([RoleGuid]) ON DELETE CASCADE ON UPDATE NO ACTION
GO
ALTER TABLE [dbo].[SysRoleUser] ADD FOREIGN KEY ([UserGuid]) REFERENCES [dbo].[SysUser] ([UserGuid]) ON DELETE CASCADE ON UPDATE NO ACTION
GO

-- ----------------------------
-- Foreign Key structure for table [dbo].[WfField]
-- ----------------------------
ALTER TABLE [dbo].[WfField] ADD FOREIGN KEY ([MasterGuid]) REFERENCES [dbo].[WfRepository] ([RepoGuid]) ON DELETE CASCADE ON UPDATE NO ACTION
GO

-- ----------------------------
-- Foreign Key structure for table [dbo].[WfForm]
-- ----------------------------
ALTER TABLE [dbo].[WfForm] ADD FOREIGN KEY ([MasterGuid]) REFERENCES [dbo].[WfRepository] ([RepoGuid]) ON DELETE CASCADE ON UPDATE NO ACTION
GO

-- ----------------------------
-- Foreign Key structure for table [dbo].[WfRepository]
-- ----------------------------
ALTER TABLE [dbo].[WfRepository] ADD FOREIGN KEY ([ProcessGuid]) REFERENCES [dbo].[WfProcess] ([ProcessGuid]) ON DELETE NO ACTION ON UPDATE NO ACTION
GO
